SOULFLEX INDUSTRIA E COMERCIO DE MOVEIS LTDA,,,,,,,,,Emissão: 03/09/2025 16:04:53,,
,,,,,,,,,,,
Relatório de Vendas por Período - Qtde,,,,Período:  03/07/2025  até  03/09/2025,,,,,,,Página 1 de 17
Produto,Descrição do Produto,,,,,,Qtde,,,,
,,,,,,,,,,,
,,,,,,,,,,,
Pedido: 7269  Data Venda: 19/05/2025 Data fat:  04/07/25  Vendedor: EDSON Cliente: SUPER SONO RA ,,,,,,,,,,,
,,,,,,,,,,,
7640 ,BOX BAU GRAN 138X188 LINHO BEGE,,,,,1 ,,,,,
7641 ,BOX BAU GRAN 138X188 LINHO CINZA,,,,,1 ,,,,,
7642 ,BOX BAU GRAN 193X203 LINHO CINZA,,,,,2 ,,,,,
7643 ,BOX BAU GRAN 158X198 LINHO BEGE,,,,,3 ,,,,,
7644 ,BOX BAU GRAN 158X198 LINHO CINZA,,,,,3 ,,,,,
7645 ,BOX BAU GRAN 193X203 LINHO BEGE,,,,,2 ,,,,,
,,,,,,,,,,,
Pedido: 7288  Data Venda: 22/05/2025 Data fat:  13/08/25  Vendedor: EDSON Cliente: SUPER SONO MR ,,,,,,,,,,,
,,,,,,,,,,,
6386 ,BOX GRAN 158x198x28 PP5,,,,,5 ,,,,,
,,,,,,,,,,,
Pedido: 7335  Data Venda: 30/05/2025 Data fat:  29/08/25  Vendedor: EDSON Cliente: SUPER SONO RA ,,,,,,,,,,,
,,,,,,,,,,,
1184 ,BOX BAU GRAN 193x203 PP1,,,,,1 ,,,,,
,,,,,,,,,,,
Pedido: 7393  Data Venda: 10/06/2025 Data fat:  29/08/25  Vendedor: EDSON Cliente: SUPER SONO RA ,,,,,,,,,,,
,,,,,,,,,,,
1176 ,BOX BAU GRAN 158x198 PP5,,,,,1 ,,,,,
,,,,,,,,,,,
Pedido: 7397  Data Venda: 11/06/2025 Data fat:  23/07/25  Vendedor: EDSON Cliente: DURMA BEM MANGALO ,,,,,,,,,,,
,,,,,,,,,,,
1178 ,BOX BAU GRAN 158x198 COURO PRETO,,,,,3 ,,,,,
1183 ,BOX BAU GRAN 158x198 COURO CHOCOLATE,,,,,3 ,,,,,
1190 ,BOX BAU GRAN 193x203 COURO PRETO,,,,,2 ,,,,,
1195 ,BOX BAU GRAN 193x203 COURO CHOCOLATE,,,,,2 ,,,,,
6722 ,BOX BAU GRAN 193X203 COURO AREIA,,,,,1 ,,,,,
6763 ,BOX BAU GRAN 158X198 COURO AREIA,,,,,1 ,,,,,
,,,,,,,,,,,
Pedido: 7410  Data Venda: 12/06/2025 Data fat:  03/07/25  Vendedor: EDSON Cliente: VULER COMERCIO DE COLCHOES LTDA ,,,,,,,,,,,
,,,,,,,,,,,
1172 ,BOX BAU GRAN 158x198 PP1,,,,,1 ,,,,,
,,,,,,,,,,,
Pedido: 7432  Data Venda: 20/06/2025 Data fat:  29/08/25  Vendedor: EDSON Cliente: SUPER SONO RA ,,,,,,,,,,,
,,,,,,,,,,,
6022 ,BOX GRAN 088x188x28 PP1,,,,,4 ,,,,,
6024 ,BOX GRAN 088x188x28 PP3,,,,,2 ,,,,,
6202 ,BOX GRAN 108x198 x28 PP1,,,,,4 ,,,,,
6204 ,BOX GRAN 108x198x28 PP3,,,,,2 ,,,,,
,,,,,,,,,,,
Pedido: 7433  Data Venda: 20/06/2025 Data fat:  10/07/25  Vendedor: EDSON Cliente: SUPER SONO RA ,,,,,,,,,,,
,,,,,,,,,,,
5762 ,BOX GOLD 158x198x23 LINHO CINZA,,,,,2 ,,,,,
5764 ,BOX GOLD 158x198x23 LINHO BEGE,,,,,2 ,,,,,
5912 ,BOX GOLD 193x203x23 LINHO CINZA,,,,,2 ,,,,,
5914 ,BOX GOLD 193x203x23 LINHO BEGE,,,,,2 ,,,,,
,,,,,,,,,,,
Pedido: 7441  Data Venda: 20/06/2025 Data fat:  09/07/25  Vendedor: EDSON Cliente: EMPORIO DA CRIS ,,,,,,,,,,,
,,,,,,,,,,,
6528 ,BOX DIAMANTE 193X203X28 LINHO BEGE,,,,,1 ,,,,,
6539 ,BOX DIAMANTE 158X198X28 LINHO CINZA,,,,,1 ,,,,,
7226 ,BOX DIAMANTE 138X188X28 LINHO AREIA,,,,,1 ,,,,,
,,,,,,,,,,,
Pedido: 7443  Data Venda: 23/06/2025 Data fat:  03/07/25  Vendedor: EDSON Cliente: FC FERREIRA JACOB- DISTRIBUIDORA DE COLCHOES BURITI ,,,,,,,,,,,
,,,,,,,,,,,
242 ,BICAMA GOLD 108x198 LINHO BEGE,,,,,1 ,,,,,
,,,,,,,,,,,
Pedido: 7444  Data Venda: 23/06/2025 Data fat:  15/07/25  Vendedor: EDSON Cliente: SUPER SONO RA ,,,,,,,,,,,
,,,,,,,,,,,
1148 ,BOX BAU GRAN 128x188 PP1,,,,,1 ,,,,,
,,,,,,,,,,,
Pedido: 7445  Data Venda: 23/06/2025 Data fat:  29/08/25  Vendedor: EDSON Cliente: CASA CRIS COLCHOES E ACESSORIOS LTDA ,,,,,,,,,,,
,,,,,,,,,,,
1017 ,BOX BAU GOLD 138x188 FACTON BEGE,,,,,1 ,,,,,
,,,,,,,,,,,
Pedido: 7446  Data Venda: 23/06/2025 Data fat:  04/07/25  Vendedor: EDSON Cliente: REAL COLCHOES LTDA ,,,,,,,,,,,
,,,,,,,,,,,
245 ,BICAMA GOLD 108x198 VELUDO 2493,,,,,1 ,,,,,
,,,,,,,,,,,
Pedido: 7448  Data Venda: 24/06/2025 Data fat:  10/07/25  Vendedor: EDSON Cliente: VULER COMERCIO DE COLCHOES LTDA ,,,,,,,,,,,
,,,,,,,,,,,
1021 ,BOX BAU GOLD 138x188 LINHO BEGE,,,,,1 ,,,,,
5764 ,BOX GOLD 158x198x23 LINHO BEGE,,,,,1 ,,,,,
7699 ,BOX BAU ELETRONICO 138X188 DEVA 04,,,,,1 ,,,,,
,,,,,,,,,,,
Pedido: 7450  Data Venda: 24/06/2025 Data fat:  03/07/25  Vendedor: EDSON Cliente: TRINDADE COLCHOES ,,,,,,,,,,,
,,,,,,,,,,,
4298 ,BOX GOLD ANTIDERRAPANTE 158x198x23 PP5,,,,,1 ,,,,,
,,,,,,,,,,,
Pedido: 7452  Data Venda: 24/06/2025 Data fat:  03/07/25  Vendedor: EDSON Cliente: RODRIGUES & CALACA LTDA ,,,,,,,,,,,
,,,,,,,,,,,
6204 ,BOX GRAN 108x198x28 PP3,,,,,1 ,,,,,
6412 ,BOX GRAN 158x198x28 COURO PRETO,,,,,3 ,,,,,
6415 ,BOX GRAN 158x198x28 COURO NATURAL,,,,,3 ,,,,,
6417 ,BOX GRAN 158x198x28 COURO CHOCOLATE,,,,,4 ,,,,,
,,,,,,,,,,,
Pedido: 7456  Data Venda: 24/06/2025 Data fat:  16/07/25  Vendedor: EDSON Cliente: EDILSON RESENDE FILHO ,,,,,,,,,,,
,,,,,,,,,,,
7046 ,BOX TATAME 158x198x23 LINHO AREIA,,,,,1 ,,,,,
,,,,,,,,,,,
Pedido: 7459  Data Venda: 25/06/2025 Data fat:  15/07/25  Vendedor: EDSON Cliente: LEMA REPRESENTAÇOES ,,,,,,,,,,,
,,,,,,,,,,,
7107 ,BOX DIAMANTE CABECEIRA LISTRAS 158X198X28 LINHO CINZA,,,,,1 ,,,,,
,,,,,,,,,,,
Pedido: 7463  Data Venda: 26/06/2025 Data fat:  03/07/25  Vendedor: EDSON Cliente: ESTACAO DO SONO CENTRO ,,,,,,,,,,,
,,,,,,,,,,,
5 ,BICAMA GRAN 088x188 PP5,,,,,2 ,,,,,
1105 ,BOX BAU GRAN 088x188 SP1,,,,,1 ,,,,,
6202 ,BOX GRAN 108x198 x28 PP1,,,,,1 ,,,,,
6206 ,BOX GRAN 108x198 x28 PP5,,,,,1 ,,,,,
,,,,,,,,,,,
Pedido: 7468  Data Venda: 26/06/2025 Data fat:  03/07/25  Vendedor: EDSON Cliente: COLCHOES E COMPLEMENTOS ,,,,,,,,,,,
,,,,,,,,,,,
1172 ,BOX BAU GRAN 158x198 PP1,,,,,1 ,,,,,
1173 ,BOX BAU GRAN 158x198 PP2,,,,,1 ,,,,,
,,,,,,,,,,,
Pedido: 7469  Data Venda: 26/06/2025 Data fat:  20/08/25  Vendedor: EDSON Cliente: COLCHOES E COMPLEMENTOS ,,,,,,,,,,,
,,,,,,,,,,,
1100 ,BOX BAU GRAN 088x188 PP1,,,,,1 ,,,,,
1104 ,BOX BAU GRAN 088x188 PP5,,,,,1 ,,,,,
1105 ,BOX BAU GRAN 088x188 SP1,,,,,1 ,,,,,
1162 ,BOX BAU GRAN 138x188 PP3,,,,,1 ,,,,,
1164 ,BOX BAU GRAN 138x188 PP5,,,,,2 ,,,,,
1176 ,BOX BAU GRAN 158x198 PP5,,,,,2 ,,,,,
1177 ,BOX BAU GRAN 158x198 SP1,,,,,2 ,,,,,
1186 ,BOX BAU GRAN 193x203 PP3,,,,,1 ,,,,,
1188 ,BOX BAU GRAN 193x203 PP5,,,,,1 ,,,,,
,,,,,,,,,,,
Pedido: 7470  Data Venda: 27/06/2025 Data fat:  23/07/25  Vendedor: EDSON Cliente: CHIMANGO DISTRIBUIDORA DE COLCHOES LTDA ,,,,,,,,,,,
,,,,,,,,,,,
3216 ,BOX DIAMANTE 158x198x28 COURO CARAMELO,,,,,1 ,,,,,
6482 ,BOX DIAMANTE 158X198X28 FACTON FENDI,,,,,1 ,,,,,
6493 ,BOX DIAMANTE 158X198X28 FACTON GRAFITE,,,,,1 ,,,,,
7258 ,BOX DIAMANTE 193X203X28 FACTON FENDI,,,,,1 ,,,,,
7454 ,BOX GOLD PRIME 193X203X23  ALASKA 06,,,,,1 ,,,,,
7701 ,BOX DIAMANTE 138X188X28 ALASKA 07,,,,,1 ,,,,,
7702 ,BOX GOLD PRIME 158X198X23 ALASKA 02,,,,,1 ,,,,,
,,,,,,,,,,,
Pedido: 7471  Data Venda: 27/06/2025 Data fat:  04/07/25  Vendedor: EDSON Cliente: SUPER SONO RA ,,,,,,,,,,,
,,,,,,,,,,,
1162 ,BOX BAU GRAN 138x188 PP3,,,,,1 ,,,,,
7703 ,BOX GOLD 138X188X23 TECIDO PROPRIO,,,,,1 ,,,,,
,,,,,,,,,,,
Pedido: 7472  Data Venda: 27/06/2025 Data fat:  23/07/25  Vendedor: EDSON Cliente: CHIMANGO DISTRIBUIDORA DE COLCHOES LTDA ,,,,,,,,,,,
,,,,,,,,,,,
7704 ,BOX GOLD 158X198X23 ALASKA 14,,,,,2 ,,,,,
7705 ,BOX GOLD 158X198X23 ALASKA 08,,,,,2 ,,,,,
7706 ,BOX GOLD 193X203X23 ALASKA 10,,,,,2 ,,,,,
7707 ,BOX GOLD 138X188X23 ALASKA 11,,,,,2 ,,,,,
,,,,,,,,,,,
Pedido: 7473  Data Venda: 27/06/2025 Data fat:  11/07/25  Vendedor: EDSON Cliente: CONFORTT COLCHOES - EDUARDO ,,,,,,,,,,,
,,,,,,,,,,,
5980 ,BOX GRAN 078x188x20 COURO PRETO,,,,,1 ,,,,,
,,,,,,,,,,,
Pedido: 7474  Data Venda: 27/06/2025 Data fat:  09/07/25  Vendedor: EDSON Cliente: ATUAL COLCHOES ,,,,,,,,,,,
,,,,,,,,,,,
6205 ,BOX GRAN 108x198 x28 PP4,,,,,1 ,,,,,
6430 ,BOX GRAN 193x203x20 PP1,,,,,1 ,,,,,
,,,,,,,,,,,
Pedido: 7476  Data Venda: 30/06/2025 Data fat:  14/07/25  Vendedor: EDSON Cliente: ORTOBOM ,,,,,,,,,,,
,,,,,,,,,,,
7708 ,BOX DIAMANTE 193X203X28 LINHO CHOCOLATE,,,,,1 ,,,,,
,,,,,,,,,,,
Pedido: 7477  Data Venda: 30/06/2025 Data fat:  16/07/25  Vendedor: EDSON Cliente: SUPER SONO MR ,,,,,,,,,,,
,,,,,,,,,,,
6020 ,BOX GRAN 088x188x23 PP5,,,,,4 ,,,,,
6022 ,BOX GRAN 088x188x28 PP1,,,,,4 ,,,,,
6322 ,BOX GRAN 138x188x28 PP1,,,,,2 ,,,,,
6326 ,BOX GRAN 138x188x28 PP5,,,,,2 ,,,,,
6382 ,BOX GRAN 158x198x28 PP1,,,,,4 ,,,,,
6386 ,BOX GRAN 158x198x28 PP5,,,,,4 ,,,,,
,,,,,,,,,,,
Pedido: 7478  Data Venda: 30/06/2025 Data fat:  03/07/25  Vendedor: EDSON Cliente: CENARIO DO SONO ,,,,,,,,,,,
,,,,,,,,,,,
7709 ,BOX GOLD 138X188X15 ALASKA 01,,,,,1 ,,,,,
Pedido: 7481  Data Venda: 30/06/2025 Data fat:  14/07/25  Vendedor: EDSON Cliente: ORTOBOM ,,,,,,,,,,,
,,,,,,,,,,,
3216 ,BOX DIAMANTE 158x198x28 COURO CARAMELO,,,,,1 ,,,,,
,,,,,,,,,,,
Pedido: 7483  Data Venda: 01/07/2025 Data fat:  08/07/25  Vendedor: EDSON Cliente: A PIONEIRA COLCHOES LTDA ,,,,,,,,,,,
,,,,,,,,,,,
4226 ,BOX GOLD ANTIDERRAPANTE 138x188x23 FACTON FENDI,,,,,1 ,,,,,
7710 ,BOX GOLD ANTIDERRAPANTE 193X203X17 FACTON FENDI,,,,,1 ,,,,,
,,,,,,,,,,,
Pedido: 7484  Data Venda: 01/07/2025 Data fat:  10/07/25  Vendedor: EDSON Cliente: SO COLCHOES BOLIMAR ,,,,,,,,,,,
,,,,,,,,,,,
3216 ,BOX DIAMANTE 158x198x28 COURO CARAMELO,,,,,1 ,,,,,
7634 ,BICAMA DIAMANTE108X198 FACTON FENDI,,,,,1 ,,,,,
,,,,,,,,,,,
Pedido: 7485  Data Venda: 01/07/2025 Data fat:  10/07/25  Vendedor: EDSON Cliente: SUPER SONO RA ,,,,,,,,,,,
,,,,,,,,,,,
5612 ,BOX GOLD 138x188x23 LINHO CINZA,,,,,1 ,,,,,
5864 ,BOX GOLD 193x203x23 COURO CARAMELO,,,,,1 ,,,,,
5964 ,BOX GRAN 078x188x28 PP3,,,,,2 ,,,,,
,,,,,,,,,,,
Pedido: 7487  Data Venda: 01/07/2025 Data fat:  11/07/25  Vendedor: EDSON Cliente: ESTACAO DO SONO CENTRO ,,,,,,,,,,,
,,,,,,,,,,,
6382 ,BOX GRAN 158x198x28 PP1,,,,,2 ,,,,,
6386 ,BOX GRAN 158x198x28 PP5,,,,,3 ,,,,,
,,,,,,,,,,,
Pedido: 7488  Data Venda: 01/07/2025 Data fat:  14/07/25  Vendedor: EDSON Cliente: SONOBOM LUA NOVA ,,,,,,,,,,,
,,,,,,,,,,,
6202 ,BOX GRAN 108x198 x28 PP1,,,,,2 ,,,,,
6382 ,BOX GRAN 158x198x28 PP1,,,,,2 ,,,,,
6384 ,BOX GRAN 158x198x28 PP3,,,,,2 ,,,,,
6442 ,BOX GRAN 193x203x28 PP1,,,,,1 ,,,,,
,,,,,,,,,,,
Pedido: 7489  Data Venda: 01/07/2025 Data fat:  03/07/25  Vendedor: EDSON Cliente: VULER COMERCIO DE COLCHOES LTDA ,,,,,,,,,,,
,,,,,,,,,,,
4244 ,BOX GOLD ANTIDERRAPANTE 138x188x23 LINHO BEGE,,,,,1 ,,,,,
,,,,,,,,,,,
Pedido: 7491  Data Venda: 01/07/2025 Data fat:  10/07/25  Vendedor: EDSON Cliente: CENARIO DO SONO ,,,,,,,,,,,
,,,,,,,,,,,
1148 ,BOX BAU GRAN 128x188 PP1,,,,,1 ,,,,,
6322 ,BOX GRAN 138x188x28 PP1,,,,,2 ,,,,,
7713 ,BOX GOLD 193X203X23 ALASKA 09,,,,,1 ,,,,,
,,,,,,,,,,,
Pedido: 7493  Data Venda: 02/07/2025 Data fat:  17/07/25  Vendedor: EDSON Cliente: SIMONS RIO VERDE ,,,,,,,,,,,
,,,,,,,,,,,
7714 ,PAINEL DIAMANTE 143X90 COURO CARAMELO,,,,,1 ,,,,,
,,,,,,,,,,,
Pedido: 7494  Data Venda: 02/07/2025 Data fat:  16/07/25  Vendedor: EDSON Cliente: VULER COMERCIO DE COLCHOES LTDA ,,,,,,,,,,,
,,,,,,,,,,,
1162 ,BOX BAU GRAN 138x188 PP3,,,,,1 ,,,,,
,,,,,,,,,,,
Pedido: 7495  Data Venda: 02/07/2025 Data fat:  11/07/25  Vendedor: EDSON Cliente: CHIMANGO DISTRIBUIDORA DE COLCHOES LTDA ,,,,,,,,,,,
,,,,,,,,,,,
5830 ,BOX GOLD 193x203x23 CAP 2619,,,,,1 ,,,,,
,,,,,,,,,,,
Pedido: 7496  Data Venda: 02/07/2025 Data fat:  11/07/25  Vendedor: EDSON Cliente: LEMA REPRESENTAÇOES ,,,,,,,,,,,
,,,,,,,,,,,
5850 ,BOX GOLD 193x203x15 COURO CARAMELO,,,,,1 ,,,,,
,,,,,,,,,,,
Pedido: 7497  Data Venda: 03/07/2025 Data fat:  03/07/25  Vendedor: EDSON Cliente: CASA CRIS COLCHOES E ACESSORIOS LTDA ,,,,,,,,,,,
,,,,,,,,,,,
7385 ,BOX DIAMANTE 193X203X28 FACTON GRAFITE,,,,,1 ,,,,,
7455 ,BOX DIAMANTE 138X188X28 FACTON GRAFITE,,,,,1 ,,,,,
,,,,,,,,,,,
Pedido: 7498  Data Venda: 04/07/2025 Data fat:  23/07/25  Vendedor: EDSON Cliente: CHIMANGO DISTRIBUIDORA DE COLCHOES LTDA ,,,,,,,,,,,
,,,,,,,,,,,
7715 ,BOX GOLD PRIME 193X203X28 ALASKA 12,,,,,1 ,,,,,
7716 ,BOX GOLD PRIME 193X203X28 ALASKA 03,,,,,1 ,,,,,
,,,,,,,,,,,
Pedido: 7499  Data Venda: 04/07/2025 Data fat:  11/07/25  Vendedor: EDSON Cliente: ESTACAO DO SONO CENTRO ,,,,,,,,,,,
,,,,,,,,,,,
1103 ,BOX BAU GRAN 088x188 PP4,,,,,1 ,,,,,
1136 ,BOX BAU GRAN 108x198 PP1,,,,,2 ,,,,,
,,,,,,,,,,,
Pedido: 7500  Data Venda: 04/07/2025 Data fat:  29/08/25  Vendedor: EDSON Cliente: SUPER SONO RA ,,,,,,,,,,,
,,,,,,,,,,,
5871 ,BOX GOLD 193x203x28 COURO CARAMELO,,,,,1 ,,,,,
,,,,,,,,,,,
Pedido: 7501  Data Venda: 04/07/2025 Data fat:  14/07/25  Vendedor: EDSON Cliente: FC FERREIRA JACOB- DISTRIBUIDORA DE COLCHOES BURITI ,,,,,,,,,,,
,,,,,,,,,,,
240 ,BICAMA GOLD 108x198 LINHO CINZA,,,,,1 ,,,,,
,,,,,,,,,,,
Pedido: 7502  Data Venda: 04/07/2025 Data fat:  11/07/25  Vendedor: EDSON Cliente: CENARIO DO SONO ,,,,,,,,,,,
,,,,,,,,,,,
6262 ,BOX GRAN 128x188x28 PP1,,,,,1 ,,,,,
,,,,,,,,,,,
Pedido: 7503  Data Venda: 04/07/2025 Data fat:  06/08/25  Vendedor: EDSON Cliente: FC FERREIRA JACOB- DISTRIBUIDORA DE COLCHOES BURITI ,,,,,,,,,,,
,,,,,,,,,,,
3216 ,BOX DIAMANTE 158x198x28 COURO CARAMELO,,,,,2 ,,,,,
3228 ,BOX DIAMANTE 193x203x28 COURO PRETO,,,,,2 ,,,,,
6482 ,BOX DIAMANTE 158X198X28 FACTON FENDI,,,,,1 ,,,,,
6493 ,BOX DIAMANTE 158X198X28 FACTON GRAFITE,,,,,1 ,,,,,
6839 ,BOX DIAMANTE 193X203X28 FACTON BEGE,,,,,1 ,,,,,
7258 ,BOX DIAMANTE 193X203X28 FACTON FENDI,,,,,1 ,,,,,
7329 ,BOX DIAMANTE 158X198X28 FACTON BEGE,,,,,1 ,,,,,
7385 ,BOX DIAMANTE 193X203X28 FACTON GRAFITE,,,,,1 ,,,,,
,,,,,,,,,,,
Pedido: 7504  Data Venda: 04/07/2025 Data fat:  10/07/25  Vendedor: EDSON Cliente: BOA NOITE COLCHOES ,,,,,,,,,,,
,,,,,,,,,,,
5714 ,BOX GOLD 158x198x23 COURO CARAMELO,,,,,1 ,,,,,
,,,,,,,,,,,
Pedido: 7505  Data Venda: 04/07/2025 Data fat:  21/07/25  Vendedor: EDSON Cliente: WALTER PEREIRA PINTO ,,,,,,,,,,,
,,,,,,,,,,,
3114 ,BOX DIAMANTE 088x188x28 COURO CARAMELO,,,,,1 ,,,,,
,,,,,,,,,,,
Pedido: 7507  Data Venda: 04/07/2025 Data fat:  10/07/25  Vendedor: EDSON Cliente: REAL COLCHOES LTDA ,,,,,,,,,,,
,,,,,,,,,,,
7717 ,BOX SOULPRATIC 138X188  PP3,,,,,1 ,,,,,
,,,,,,,,,,,
Pedido: 7508  Data Venda: 04/07/2025 Data fat:  16/07/25  Vendedor: EDSON Cliente: OUTLET COLCHOES E ACESSORIOS LTDA ,,,,,,,,,,,
,,,,,,,,,,,
1162 ,BOX BAU GRAN 138x188 PP3,,,,,1 ,,,,,
6326 ,BOX GRAN 138x188x28 PP5,,,,,2 ,,,,,
6382 ,BOX GRAN 158x198x28 PP1,,,,,1 ,,,,,
6386 ,BOX GRAN 158x198x28 PP5,,,,,2 ,,,,,
6444 ,BOX GRAN 193x203x28 PP3,,,,,2 ,,,,,
6446 ,BOX GRAN 193x203x28 PP5,,,,,2 ,,,,,
,,,,,,,,,,,
Pedido: 7509  Data Venda: 04/07/2025 Data fat:  15/07/25  Vendedor: EDSON Cliente: LIH HOPP COLCHOES LTDA ,,,,,,,,,,,
,,,,,,,,,,,
7718 ,BOX BAU GOLD 138X188 SAFIRA 03,,,,,1 ,,,,,
7719 ,BOX GOLD ANTIDERRAPANTE 138X188X23 ALASKA 01,,,,,1 ,,,,,
,,,,,,,,,,,
Pedido: 7510  Data Venda: 04/07/2025 Data fat:  28/07/25  Vendedor: EDSON Cliente: SUPER SONO MR ,,,,,,,,,,,
,,,,,,,,,,,
6027 ,BOX GRAN 088x188x28 SP1,,,,,4 ,,,,,
6387 ,BOX GRAN 158x198x28 SP1,,,,,3 ,,,,,
,,,,,,,,,,,
Pedido: 7511  Data Venda: 04/07/2025 Data fat:  04/07/25  Vendedor: EDSON Cliente: FC FERREIRA JACOB- DISTRIBUIDORA DE COLCHOES BURITI ,,,,,,,,,,,
,,,,,,,,,,,
6206 ,BOX GRAN 108x198 x28 PP5,,,,,1 ,,,,,
,,,,,,,,,,,
Pedido: 7512  Data Venda: 04/07/2025 Data fat:  18/07/25  Vendedor: EDSON Cliente: LEMA REPRESENTAÇOES ,,,,,,,,,,,
,,,,,,,,,,,
7720 ,BOX SOULPRATIC 088X188 COURO ROSA,,,,,1 ,,,,,
,,,,,,,,,,,
Pedido: 7513  Data Venda: 04/07/2025 Data fat:  15/07/25  Vendedor: EDSON Cliente: GVM COMERCIO DE COLCHOES LTDA ,,,,,,,,,,,
,,,,,,,,,,,
12 ,BICAMA GRAN 088x188 COURO CHOCOLATE,,,,,1 ,,,,,
,,,,,,,,,,,
Pedido: 7514  Data Venda: 04/07/2025 Data fat:  10/07/25  Vendedor: EDSON Cliente: REAL COLCHOES LTDA ,,,,,,,,,,,
,,,,,,,,,,,
5700 ,BOX GOLD 158x198x15 COURO CARAMELO,,,,,1 ,,,,,
,,,,,,,,,,,
Pedido: 7515  Data Venda: 07/07/2025 Data fat:  09/07/25  Vendedor: EDSON Cliente: ATUAL COLCHOES ,,,,,,,,,,,
,,,,,,,,,,,
5764 ,BOX GOLD 158x198x23 LINHO BEGE,,,,,1 ,,,,,
,,,,,,,,,,,
Pedido: 7516  Data Venda: 08/07/2025 Data fat:  28/07/25  Vendedor: EDSON Cliente: A PIONEIRA COLCHOES LTDA ,,,,,,,,,,,
,,,,,,,,,,,
7522 ,BICAMA GRAN 138X188 NOBOOK NATURAL,,,,,1 ,,,,,
,,,,,,,,,,,
Pedido: 7517  Data Venda: 08/07/2025 Data fat:  16/07/25  Vendedor: EDSON Cliente: CENARIO DO SONO ,,,,,,,,,,,
,,,,,,,,,,,
5287 ,BOX GOLD 108x198x23 FACTON BEGE,,,,,2 ,,,,,
5744 ,BOX GOLD 158x198x23 FACTON FENDI,,,,,1 ,,,,,
7721 ,BOX GOLD 138X188X15 SAFIRA 02,,,,,1 ,,,,,
,,,,,,,,,,,
Pedido: 7518  Data Venda: 08/07/2025 Data fat:  10/07/25  Vendedor: EDSON Cliente: OUTLET COLCHOES E ACESSORIOS LTDA ,,,,,,,,,,,
,,,,,,,,,,,
1164 ,BOX BAU GRAN 138x188 PP5,,,,,1 ,,,,,
,,,,,,,,,,,
Pedido: 7519  Data Venda: 08/07/2025 Data fat:  16/07/25  Vendedor: EDSON Cliente: ATUAL COLCHOES ,,,,,,,,,,,
,,,,,,,,,,,
5764 ,BOX GOLD 158x198x23 LINHO BEGE,,,,,1 ,,,,,
6205 ,BOX GRAN 108x198 x28 PP4,,,,,1 ,,,,,
6365 ,BOX GRAN 158x198x15 PP2,,,,,1 ,,,,,
6442 ,BOX GRAN 193x203x28 PP1,,,,,1 ,,,,,
,,,,,,,,,,,
Pedido: 7520  Data Venda: 08/07/2025 Data fat:  28/07/25  Vendedor: EDSON Cliente: ARMAZEM COLCHÕES ,,,,,,,,,,,
,,,,,,,,,,,
1048 ,BOX BAU GOLD 158x198 FACTON FENDI,,,,,1 ,,,,,
,,,,,,,,,,,
Pedido: 7521  Data Venda: 08/07/2025 Data fat:  15/07/25  Vendedor: EDSON Cliente: RODRIGUES & CALACA LTDA ,,,,,,,,,,,
,,,,,,,,,,,
6232 ,BOX GRAN 108x198x28 COURO PRETO,,,,,2 ,,,,,
6234 ,BOX GRAN 108x198x28 COURO BEGE,,,,,2 ,,,,,
6235 ,BOX GRAN 108x198x28 COURO NATURAL,,,,,2 ,,,,,
6237 ,BOX GRAN 108x198x28 COURO CHOCOLATE,,,,,2 ,,,,,
,,,,,,,,,,,
Pedido: 7522  Data Venda: 08/07/2025 Data fat:  28/07/25  Vendedor: EDSON Cliente: REAL COLCHOES LTDA ,,,,,,,,,,,
,,,,,,,,,,,
3 ,BICAMA GRAN 088x188 PP3,,,,,1 ,,,,,
39 ,BICAMA GRAN 108x198 PP3,,,,,1 ,,,,,
,,,,,,,,,,,
Pedido: 7523  Data Venda: 08/07/2025 Data fat:  28/07/25  Vendedor: EDSON Cliente: A PIONEIRA COLCHOES LTDA ,,,,,,,,,,,
,,,,,,,,,,,
1100 ,BOX BAU GRAN 088x188 PP1,,,,,1 ,,,,,
1136 ,BOX BAU GRAN 108x198 PP1,,,,,1 ,,,,,
1138 ,BOX BAU GRAN 108x198 PP3,,,,,1 ,,,,,
1160 ,BOX BAU GRAN 138x188 PP1,,,,,1 ,,,,,
1162 ,BOX BAU GRAN 138x188 PP3,,,,,1 ,,,,,
1172 ,BOX BAU GRAN 158x198 PP1,,,,,2 ,,,,,
,,,,,,,,,,,
Pedido: 7524  Data Venda: 08/07/2025 Data fat:  08/07/25  Vendedor: EDSON Cliente: CENARIO DO SONO ,,,,,,,,,,,
,,,,,,,,,,,
5258 ,BOX GOLD 108x198x23 COURO CARAMELO,,,,,1 ,,,,,
,,,,,,,,,,,
Pedido: 7525  Data Venda: 08/07/2025 Data fat:  08/07/25  Vendedor: EDSON Cliente: SUPER SONO RA ,,,,,,,,,,,
,,,,,,,,,,,
6322 ,BOX GRAN 138x188x28 PP1,,,,,6 ,,,,,
6324 ,BOX GRAN 138x188x28 PP3,,,,,3 ,,,,,
6326 ,BOX GRAN 138x188x28 PP5,,,,,6 ,,,,,
,,,,,,,,,,,
Pedido: 7526  Data Venda: 09/07/2025 Data fat:  09/07/25  Vendedor: EDSON Cliente: ATUAL COLCHOES ,,,,,,,,,,,
,,,,,,,,,,,
1021 ,BOX BAU GOLD 138x188 LINHO BEGE,,,,,1 ,,,,,
,,,,,,,,,,,
Pedido: 7528  Data Venda: 09/07/2025 Data fat:  18/07/25  Vendedor: EDSON Cliente: REALEZA COLCHOES LTDA ,,,,,,,,,,,
,,,,,,,,,,,
4382 ,BOX GOLD ANTIDERRAPANTE 158x198x23 FACTON FENDI,,,,,1 ,,,,,
,,,,,,,,,,,
Pedido: 7529  Data Venda: 09/07/2025 Data fat:  09/07/25  Vendedor: EDSON Cliente: A PIONEIRA COLCHOES LTDA ,,,,,,,,,,,
,,,,,,,,,,,
4352 ,BOX GOLD ANTIDERRAPANTE 158x198x23 COURO CARAMELO,,,,,1 ,,,,,
4508 ,BOX GOLD ANTIDERRAPANTE 193x203x23 COURO CARAMELO,,,,,1 ,,,,,
6322 ,BOX GRAN 138x188x28 PP1,,,,,1 ,,,,,
6326 ,BOX GRAN 138x188x28 PP5,,,,,1 ,,,,,
6327 ,BOX GRAN 138x188x28 SP1,,,,,2 ,,,,,
,,,,,,,,,,,
Pedido: 7530  Data Venda: 09/07/2025 Data fat:  09/07/25  Vendedor: EDSON Cliente: SUPER SONO RA ,,,,,,,,,,,
,,,,,,,,,,,
6386 ,BOX GRAN 158x198x28 PP5,,,,,10 ,,,,,
6444 ,BOX GRAN 193x203x28 PP3,,,,,3 ,,,,,
,,,,,,,,,,,
Pedido: 7531  Data Venda: 09/07/2025 Data fat:  09/07/25  Vendedor: EDSON Cliente: SUPER SONO RA ,,,,,,,,,,,
,,,,,,,,,,,
5599 ,BOX GOLD 138x188x28 FACTON BEGE,,,,,1 ,,,,,
6022 ,BOX GRAN 088x188x28 PP1,,,,,2 ,,,,,
6024 ,BOX GRAN 088x188x28 PP3,,,,,4 ,,,,,
6026 ,BOX GRAN 088x188x28 PP5,,,,,6 ,,,,,
6202 ,BOX GRAN 108x198 x28 PP1,,,,,2 ,,,,,
6204 ,BOX GRAN 108x198x28 PP3,,,,,2 ,,,,,
6206 ,BOX GRAN 108x198 x28 PP5,,,,,4 ,,,,,
6384 ,BOX GRAN 158x198x28 PP3,,,,,1 ,,,,,
6442 ,BOX GRAN 193x203x28 PP1,,,,,1 ,,,,,
,,,,,,,,,,,
Pedido: 7532  Data Venda: 09/07/2025 Data fat:  16/07/25  Vendedor: EDSON Cliente: CENARIO DO SONO ,,,,,,,,,,,
,,,,,,,,,,,
6382 ,BOX GRAN 158x198x28 PP1,,,,,2 ,,,,,
,,,,,,,,,,,
Pedido: 7533  Data Venda: 09/07/2025 Data fat:  11/07/25  Vendedor: EDSON Cliente: SONOBOM LUA NOVA ,,,,,,,,,,,
,,,,,,,,,,,
4400 ,BOX GOLD ANTIDERRAPANTE 158x198x23 LINHO BEGE,,,,,1 ,,,,,
,,,,,,,,,,,
Pedido: 7534  Data Venda: 09/07/2025 Data fat:  04/08/25  Vendedor: EDSON Cliente: SUPER SONO RA ,,,,,,,,,,,
,,,,,,,,,,,
5761 ,BOX GOLD 158x198x20 LINHO BEGE,,,,,1 ,,,,,
5884 ,BOX GOLD 193x203x15 FACTON GRAFITE,,,,,1 ,,,,,
,,,,,,,,,,,
Pedido: 7535  Data Venda: 09/07/2025 Data fat:  28/07/25  Vendedor: EDSON Cliente: A PIONEIRA COLCHOES LTDA ,,,,,,,,,,,
,,,,,,,,,,,
7367 ,BICAMA GOLD MOLAS 088X188 LINHO CINZA,,,,,1 ,,,,,
,,,,,,,,,,,
Pedido: 7536  Data Venda: 09/07/2025 Data fat:  18/07/25  Vendedor: EDSON Cliente: A EXCLUSIVA COLCHOES LTDA ,,,,,,,,,,,
,,,,,,,,,,,
5656 ,BOX GOLD 158x198x23 PP1,,,,,2 ,,,,,
,,,,,,,,,,,
Pedido: 7537  Data Venda: 09/07/2025 Data fat:  09/07/25  Vendedor: EDSON Cliente: IG COMERCIO DE COLCHOES LTDA ,,,,,,,,,,,
,,,,,,,,,,,
6402 ,BOX GRAN 158x198x20 COURO BEGE,,,,,1 ,,,,,
Pedido: 7538  Data Venda: 09/07/2025 Data fat:  09/07/25  Vendedor: EDSON Cliente: SONHAR COLCHOES LTDA ,,,,,,,,,,,
,,,,,,,,,,,
43 ,BICAMA GRAN 108x198 COURO PRETO,,,,,1 ,,,,,
,,,,,,,,,,,
Pedido: 7539  Data Venda: 09/07/2025 Data fat:  31/07/25  Vendedor: EDSON Cliente: IG COMERCIO DE COLCHOES LTDA ,,,,,,,,,,,
,,,,,,,,,,,
6204 ,BOX GRAN 108x198x28 PP3,,,,,3 ,,,,,
6205 ,BOX GRAN 108x198 x28 PP4,,,,,2 ,,,,,
6385 ,BOX GRAN 158x198x28 PP4,,,,,2 ,,,,,
6442 ,BOX GRAN 193x203x28 PP1,,,,,1 ,,,,,
6444 ,BOX GRAN 193x203x28 PP3,,,,,3 ,,,,,
6445 ,BOX GRAN 193x203x28 PP4,,,,,3 ,,,,,
,,,,,,,,,,,
Pedido: 7540  Data Venda: 09/07/2025 Data fat:  18/07/25  Vendedor: EDSON Cliente: REALEZA COLCHOES LTDA ,,,,,,,,,,,
,,,,,,,,,,,
3461 ,BOX GOLD ANTIDERRAPANTE 088x188x23 COURO BRANCO,,,,,1 ,,,,,
4192 ,BOX GOLD ANTIDERRAPANTE 138x188x23 COURO BRANCO,,,,,1 ,,,,,
,,,,,,,,,,,
Pedido: 7541  Data Venda: 09/07/2025 Data fat:  18/07/25  Vendedor: EDSON Cliente: ARMAZEM COLCHÕES ,,,,,,,,,,,
,,,,,,,,,,,
6358 ,BOX GRAN 158x198x10 PP1,,,,,1 ,,,,,
,,,,,,,,,,,
Pedido: 7543  Data Venda: 09/07/2025 Data fat:  24/07/25  Vendedor: EDSON Cliente: RODRIGUES & CALACA LTDA ,,,,,,,,,,,
,,,,,,,,,,,
1166 ,BOX BAU GRAN 138x188 COURO PRETO,,,,,2 ,,,,,
1169 ,BOX BAU GRAN 138x188 COURO NATURAL,,,,,2 ,,,,,
1171 ,BOX BAU GRAN 138x188 COURO CHOCOLATE,,,,,2 ,,,,,
1183 ,BOX BAU GRAN 158x198 COURO CHOCOLATE,,,,,1 ,,,,,
6893 ,BOX BAU GRAN 158X198 COURO PRETO,,,,,1 ,,,,,
,,,,,,,,,,,
Pedido: 7545  Data Venda: 10/07/2025 Data fat:  10/07/25  Vendedor: EDSON Cliente: IG COMERCIO DE COLCHOES LTDA ,,,,,,,,,,,
,,,,,,,,,,,
6376 ,BOX GRAN 158x198x23 PP1,,,,,2 ,,,,,
,,,,,,,,,,,
Pedido: 7546  Data Venda: 10/07/2025 Data fat:  21/07/25  Vendedor: EDSON Cliente: RV ,,,,,,,,,,,
,,,,,,,,,,,
6232 ,BOX GRAN 108x198x28 COURO PRETO,,,,,3 ,,,,,
6412 ,BOX GRAN 158x198x28 COURO PRETO,,,,,3 ,,,,,
,,,,,,,,,,,
Pedido: 7547  Data Venda: 10/07/2025 Data fat:  31/07/25  Vendedor: EDSON Cliente: LIH HOPP COLCHOES LTDA ,,,,,,,,,,,
,,,,,,,,,,,
7723 ,BOX GOLD ANTIDERRAPANTE 088X188X23 SAFIRA 02,,,,,1 ,,,,,
7724 ,BOX GOLD 158X198X23 DEVA 08,,,,,1 ,,,,,
7725 ,BICAMA GOLD 096X203 DEVA 08,,,,,2 ,,,,,
,,,,,,,,,,,
Pedido: 7548  Data Venda: 10/07/2025 Data fat:  11/08/25  Vendedor: EDSON Cliente: CHIMANGO DISTRIBUIDORA DE COLCHOES LTDA ,,,,,,,,,,,
,,,,,,,,,,,
7726 ,BOX DIAMANTE 193X203X28 FACTON ROSE,,,,,1 ,,,,,
,,,,,,,,,,,
Pedido: 7549  Data Venda: 10/07/2025 Data fat:  28/07/25  Vendedor: EDSON Cliente: SONOBOM LUA NOVA ,,,,,,,,,,,
,,,,,,,,,,,
7589 ,BOX GOLD ANTIDERRAPANTE 158X198X23 LINHO DEVA 08,,,,,1 ,,,,,
7727 ,BOX BAU GOLD 158X198 DEVA 08,,,,,1 ,,,,,
,,,,,,,,,,,
Pedido: 7550  Data Venda: 10/07/2025 Data fat:  18/07/25  Vendedor: EDSON Cliente: TELMA BABY ,,,,,,,,,,,
,,,,,,,,,,,
1164 ,BOX BAU GRAN 138x188 PP5,,,,,1 ,,,,,
6382 ,BOX GRAN 158x198x28 PP1,,,,,1 ,,,,,
6386 ,BOX GRAN 158x198x28 PP5,,,,,1 ,,,,,
6387 ,BOX GRAN 158x198x28 SP1,,,,,1 ,,,,,
,,,,,,,,,,,
Pedido: 7551  Data Venda: 10/07/2025 Data fat:  10/07/25  Vendedor: EDSON Cliente: SUPER SONO RA ,,,,,,,,,,,
,,,,,,,,,,,
6384 ,BOX GRAN 158x198x28 PP3,,,,,5 ,,,,,
,,,,,,,,,,,
Pedido: 7552  Data Venda: 11/07/2025 Data fat:  21/07/25  Vendedor: EDSON Cliente: CONFORTT COLCHÕES - JOSE ANTONIO ,,,,,,,,,,,
,,,,,,,,,,,
6322 ,BOX GRAN 138x188x28 PP1,,,,,3 ,,,,,
6324 ,BOX GRAN 138x188x28 PP3,,,,,3 ,,,,,
6326 ,BOX GRAN 138x188x28 PP5,,,,,2 ,,,,,
,,,,,,,,,,,
Pedido: 7553  Data Venda: 11/07/2025 Data fat:  31/07/25  Vendedor: EDSON Cliente: CONFORTT COLCHOES - EDUARDO ,,,,,,,,,,,
,,,,,,,,,,,
7728 ,BOX BAU DIAMANTE 193X203 TECIDO PROPRIO,,,,,1 ,,,,,
,,,,,,,,,,,
Pedido: 7555  Data Venda: 11/07/2025 Data fat:  21/07/25  Vendedor: EDSON Cliente: ESTACAO DO SONO CENTRO ,,,,,,,,,,,
,,,,,,,,,,,
6417 ,BOX GRAN 158x198x28 COURO CHOCOLATE,,,,,1 ,,,,,
,,,,,,,,,,,
Pedido: 7556  Data Venda: 11/07/2025 Data fat:  14/07/25  Vendedor: EDSON Cliente: FC FERREIRA JACOB- DISTRIBUIDORA DE COLCHOES BURITI ,,,,,,,,,,,
,,,,,,,,,,,
240 ,BICAMA GOLD 108x198 LINHO CINZA,,,,,1 ,,,,,
,,,,,,,,,,,
Pedido: 7557  Data Venda: 11/07/2025 Data fat:  21/08/25  Vendedor: EDSON Cliente: COLCHOES E COMPLEMENTOS ,,,,,,,,,,,
,,,,,,,,,,,
1173 ,BOX BAU GRAN 158x198 PP2,,,,,1 ,,,,,
Pedido: 7558  Data Venda: 11/07/2025 Data fat:  04/08/25  Vendedor: EDSON Cliente: A PIONEIRA COLCHOES LTDA ,,,,,,,,,,,
,,,,,,,,,,,
1021 ,BOX BAU GOLD 138x188 LINHO BEGE,,,,,1 ,,,,,
,,,,,,,,,,,
Pedido: 7560  Data Venda: 11/07/2025 Data fat:  11/07/25  Vendedor: EDSON Cliente: SUPER SONO RA ,,,,,,,,,,,
,,,,,,,,,,,
5593 ,BOX GOLD 138x188x23 FACTON BEGE,,,,,1 ,,,,,
,,,,,,,,,,,
Pedido: 7561  Data Venda: 11/07/2025 Data fat:  11/07/25  Vendedor: EDSON Cliente: COLCHOES E COMPLEMENTOS ,,,,,,,,,,,
,,,,,,,,,,,
1165 ,BOX BAU GRAN 138x188 SP1,,,,,2 ,,,,,
1174 ,BOX BAU GRAN 158x198 PP3,,,,,2 ,,,,,
1176 ,BOX BAU GRAN 158x198 PP5,,,,,2 ,,,,,
1177 ,BOX BAU GRAN 158x198 SP1,,,,,1 ,,,,,
,,,,,,,,,,,
Pedido: 7564  Data Venda: 15/07/2025 Data fat:  08/08/25  Vendedor: EDSON Cliente: RODRIGUES & CALACA LTDA ,,,,,,,,,,,
,,,,,,,,,,,
1195 ,BOX BAU GRAN 193x203 COURO CHOCOLATE,,,,,1 ,,,,,
,,,,,,,,,,,
Pedido: 7566  Data Venda: 15/07/2025 Data fat:  28/07/25  Vendedor: EDSON Cliente: OUTLET COLCHOES E ACESSORIOS LTDA ,,,,,,,,,,,
,,,,,,,,,,,
7224 ,BOX BAU  GRAN PARTIDO 138X188 PP4,,,,,1 ,,,,,
,,,,,,,,,,,
Pedido: 7567  Data Venda: 15/07/2025 Data fat:  11/08/25  Vendedor: EDSON Cliente: CHIMANGO DISTRIBUIDORA DE COLCHOES LTDA ,,,,,,,,,,,
,,,,,,,,,,,
7729 ,BOX GOLD CASHMERE 193X203X25 CARAMELO/ALASKA 01,,,,,1 ,,,,,
,,,,,,,,,,,
Pedido: 7568  Data Venda: 15/07/2025 Data fat:  30/07/25  Vendedor: EDSON Cliente: CENARIO DO SONO ,,,,,,,,,,,
,,,,,,,,,,,
5446 ,BOX GOLD 128x188x23 FACTON GRAFITE,,,,,1 ,,,,,
5596 ,BOX GOLD 138x188x23 FACTON GRAFITE,,,,,1 ,,,,,
,,,,,,,,,,,
Pedido: 7569  Data Venda: 15/07/2025 Data fat:  31/07/25  Vendedor: EDSON Cliente: CONFORTT COLCHOES - EDUARDO ,,,,,,,,,,,
,,,,,,,,,,,
6324 ,BOX GRAN 138x188x28 PP3,,,,,1 ,,,,,
,,,,,,,,,,,
Pedido: 7570  Data Venda: 15/07/2025 Data fat:  11/08/25  Vendedor: EDSON Cliente: VIP INTERIORES ,,,,,,,,,,,
,,,,,,,,,,,
7730 ,BICAMA GOLD 158X198 LINHO CHOCOLATE,,,,,1 ,,,,,
7731 ,BOX GOLD ANTIDERRAPANTE 088X198X23 BENSON AMENDOA,,,,,3 ,,,,,
7732 ,BOX GOLD ANTIDERRAPANTE 158X198X23 BENSON AMENDOA,,,,,3 ,,,,,
,,,,,,,,,,,
Pedido: 7571  Data Venda: 15/07/2025 Data fat:  18/08/25  Vendedor: EDSON Cliente: REALEZA COLCHOES LTDA ,,,,,,,,,,,
,,,,,,,,,,,
6557 ,BOX BAU GRAN PARTIDO 138X188 COURO PRETO,,,,,1 ,,,,,
,,,,,,,,,,,
Pedido: 7572  Data Venda: 15/07/2025 Data fat:  24/07/25  Vendedor: EDSON Cliente: ATUAL COLCHOES ,,,,,,,,,,,
,,,,,,,,,,,
1187 ,BOX BAU GRAN 193x203 PP4,,,,,1 ,,,,,
7224 ,BOX BAU  GRAN PARTIDO 138X188 PP4,,,,,1 ,,,,,
,,,,,,,,,,,
Pedido: 7573  Data Venda: 15/07/2025 Data fat:  14/08/25  Vendedor: EDSON Cliente: CHIMANGO DISTRIBUIDORA DE COLCHOES LTDA ,,,,,,,,,,,
,,,,,,,,,,,
6482 ,BOX DIAMANTE 158X198X28 FACTON FENDI,,,,,1 ,,,,,
7334 ,BOX DIAMANTE 158X198X28 FACTON BRANCO,,,,,1 ,,,,,
7688 ,BOX DIAMANTE 158X198X28 BUCLE ALASKA 07,,,,,1 ,,,,,
7733 ,BOX DIAMANTE 158X198X28 ALASKA 03,,,,,1 ,,,,,
,,,,,,,,,,,
Pedido: 7574  Data Venda: 15/07/2025 Data fat:  14/08/25  Vendedor: EDSON Cliente: CHIMANGO 85 ,,,,,,,,,,,
,,,,,,,,,,,
6482 ,BOX DIAMANTE 158X198X28 FACTON FENDI,,,,,1 ,,,,,
6493 ,BOX DIAMANTE 158X198X28 FACTON GRAFITE,,,,,1 ,,,,,
7334 ,BOX DIAMANTE 158X198X28 FACTON BRANCO,,,,,1 ,,,,,
7647 ,BOX DIAMANTE 158X198X28 BUCLE ALASKA 06,,,,,1 ,,,,,
7734 ,BOX DIAMANTE 158X198X28 ALASKA 10,,,,,1 ,,,,,
7735 ,BOX DIAMANTE 158X198X28 ALASKA 04,,,,,1 ,,,,,
,,,,,,,,,,,
Pedido: 7575  Data Venda: 15/07/2025 Data fat:  31/07/25  Vendedor: EDSON Cliente: VULER COMERCIO DE COLCHOES LTDA ,,,,,,,,,,,
,,,,,,,,,,,
6196 ,BOX GRAN 108x198 x23 PP1,,,,,3 ,,,,,
6316 ,BOX GRAN 138x188x23 PP1,,,,,2 ,,,,,
6376 ,BOX GRAN 158x198x23 PP1,,,,,2 ,,,,,
,,,,,,,,,,,
Pedido: 7576  Data Venda: 15/07/2025 Data fat:  28/07/25  Vendedor: EDSON Cliente: OUTLET COLCHOES E ACESSORIOS LTDA ,,,,,,,,,,,
,,,,,,,,,,,
1174 ,BOX BAU GRAN 158x198 PP3,,,,,2 ,,,,,
,,,,,,,,,,,
Pedido: 7577  Data Venda: 15/07/2025 Data fat:  28/07/25  Vendedor: EDSON Cliente: A PIONEIRA COLCHOES LTDA ,,,,,,,,,,,
,,,,,,,,,,,
5594 ,BOX GOLD 138x188x23 FACTON FENDI,,,,,1 ,,,,,
,,,,,,,,,,,
Pedido: 7578  Data Venda: 15/07/2025 Data fat:  28/07/25  Vendedor: EDSON Cliente: SUPER SONO MR ,,,,,,,,,,,
,,,,,,,,,,,
6205 ,BOX GRAN 108x198 x28 PP4,,,,,4 ,,,,,
,,,,,,,,,,,
Pedido: 7579  Data Venda: 15/07/2025 Data fat:  31/07/25  Vendedor: EDSON Cliente: LIH HOPP COLCHOES LTDA ,,,,,,,,,,,
,,,,,,,,,,,
7736 ,BOX BAU GOLD 096X203 MANHATA COR CHOCO,,,,,1 ,,,,,
7737 ,BICAMA GOLD 096X203 BOUCLE PLUS 14900,,,,,1 ,,,,,
,,,,,,,,,,,
Pedido: 7580  Data Venda: 15/07/2025 Data fat:  28/07/25  Vendedor: EDSON Cliente: REAL COLCHOES LTDA ,,,,,,,,,,,
,,,,,,,,,,,
6474 ,BOX GRAN 193x203x28 COURO BEGE,,,,,1 ,,,,,
7738 ,BOX TATAME 158X198X14 PP3,,,,,1 ,,,,,
,,,,,,,,,,,
Pedido: 7581  Data Venda: 15/07/2025 Data fat:  22/08/25  Vendedor: EDSON Cliente: ORTOSONO QUIRINOPOLIS ,,,,,,,,,,,
,,,,,,,,,,,
7739 ,BOX DIAMANTE SEM CABECEIRA 193X203X28 TECIDO PROPRIO,,,,,1 ,,,,,
,,,,,,,,,,,
Pedido: 7583  Data Venda: 17/07/2025 Data fat:  25/07/25  Vendedor: EDSON Cliente: LUX COLCHOES LTDA ,,,,,,,,,,,
,,,,,,,,,,,
7740 ,BOX GOLD ANTIDERRAPANTE 108X198X23 DEVA 08,,,,,1 ,,,,,
,,,,,,,,,,,
Pedido: 7584  Data Venda: 17/07/2025 Data fat:  27/08/25  Vendedor: EDSON Cliente: OUTLET COLCHOES E ACESSORIOS LTDA ,,,,,,,,,,,
,,,,,,,,,,,
1174 ,BOX BAU GRAN 158x198 PP3,,,,,1 ,,,,,
,,,,,,,,,,,
Pedido: 7585  Data Venda: 17/07/2025 Data fat:  06/08/25  Vendedor: EDSON Cliente: FC FERREIRA JACOB- DISTRIBUIDORA DE COLCHOES BURITI ,,,,,,,,,,,
,,,,,,,,,,,
7741 ,BOX TATAME 108X198X23 LINHO GRAFITE,,,,,1 ,,,,,
7742 ,BOX TATAME 138X188X23 COURO PRETO,,,,,1 ,,,,,
,,,,,,,,,,,
Pedido: 7586  Data Venda: 17/07/2025 Data fat:  18/08/25  Vendedor: EDSON Cliente: REALEZA COLCHOES LTDA ,,,,,,,,,,,
,,,,,,,,,,,
6893 ,BOX BAU GRAN 158X198 COURO PRETO,,,,,2 ,,,,,
,,,,,,,,,,,
Pedido: 7587  Data Venda: 17/07/2025 Data fat:  01/08/25  Vendedor: EDSON Cliente: A PIONEIRA COLCHOES LTDA ,,,,,,,,,,,
,,,,,,,,,,,
7475 ,BOX GOLD ANTIDERRAPANTE 158X198X23  LINHO SAFIRA 01,,,,,1 ,,,,,
7743 ,BOX GOLD 138X188X23 SAFIRA 09,,,,,1 ,,,,,
7744 ,BOX GOLD 138X188X23 SAFIRA 03,,,,,1 ,,,,,
,,,,,,,,,,,
Pedido: 7590  Data Venda: 20/07/2025 Data fat:  11/08/25  Vendedor: EDSON Cliente: BONS SONHOS COLCHOES E COMPLEMENTOS LTDA ,,,,,,,,,,,
,,,,,,,,,,,
962 ,BOX BAU GOLD 108x198 LINHO CINZA,,,,,1 ,,,,,
,,,,,,,,,,,
Pedido: 7592  Data Venda: 20/07/2025 Data fat:  31/07/25  Vendedor: EDSON Cliente: CENARIO DO SONO ,,,,,,,,,,,
,,,,,,,,,,,
6196 ,BOX GRAN 108x198 x23 PP1,,,,,1 ,,,,,
6199 ,BOX GRAN 108x198 x23 PP4,,,,,1 ,,,,,
6262 ,BOX GRAN 128x188x28 PP1,,,,,1 ,,,,,
,,,,,,,,,,,
Pedido: 7593  Data Venda: 20/07/2025 Data fat:  05/08/25  Vendedor: EDSON Cliente: CONFORTT COLCHOES - EDUARDO ,,,,,,,,,,,
,,,,,,,,,,,
6386 ,BOX GRAN 158x198x28 PP5,,,,,1 ,,,,,
6387 ,BOX GRAN 158x198x28 SP1,,,,,1 ,,,,,
,,,,,,,,,,,
Pedido: 7594  Data Venda: 20/07/2025 Data fat:  29/08/25  Vendedor: EDSON Cliente: SUPER SONO RA ,,,,,,,,,,,
,,,,,,,,,,,
871 ,BOX BAU GOLD 088x188 LINHO BEGE,,,,,1 ,,,,,
1051 ,BOX BAU GOLD 158x198 LINHO BEGE,,,,,1 ,,,,,
,,,,,,,,,,,
Pedido: 7595  Data Venda: 20/07/2025 Data fat:  23/07/25  Vendedor: EDSON Cliente: SUPER SONO RA ,,,,,,,,,,,
,,,,,,,,,,,
4576 ,BOX GOLD ANTIDERRAPANTE 193x203x23 VELUDO 2489,,,,,1 ,,,,,
6384 ,BOX GRAN 158x198x28 PP3,,,,,3 ,,,,,
,,,,,,,,,,,
Pedido: 7596  Data Venda: 20/07/2025 Data fat:  12/08/25  Vendedor: EDSON Cliente: OUTLET COLCHOES E ACESSORIOS LTDA ,,,,,,,,,,,
,,,,,,,,,,,
6322 ,BOX GRAN 138x188x28 PP1,,,,,2 ,,,,,
6324 ,BOX GRAN 138x188x28 PP3,,,,,1 ,,,,,
6382 ,BOX GRAN 158x198x28 PP1,,,,,2 ,,,,,
6386 ,BOX GRAN 158x198x28 PP5,,,,,1 ,,,,,
,,,,,,,,,,,
Pedido: 7597  Data Venda: 20/07/2025 Data fat:  25/07/25  Vendedor: EDSON Cliente: FC FERREIRA JACOB- DISTRIBUIDORA DE COLCHOES BURITI ,,,,,,,,,,,
,,,,,,,,,,,
240 ,BICAMA GOLD 108x198 LINHO CINZA,,,,,2 ,,,,,
,,,,,,,,,,,
Pedido: 7598  Data Venda: 20/07/2025 Data fat:  18/08/25  Vendedor: EDSON Cliente: CENARIO DO SONO ,,,,,,,,,,,
,,,,,,,,,,,
1043 ,BOX BAU GOLD 158x198 COURO CARAMELO,,,,,1 ,,,,,
6500 ,BOX BAU GOLD 088X188 FACTON PRATA,,,,,1 ,,,,,
,,,,,,,,,,,
Pedido: 7599  Data Venda: 20/07/2025 Data fat:  18/08/25  Vendedor: EDSON Cliente: CENARIO DO SONO ,,,,,,,,,,,
,,,,,,,,,,,
6500 ,BOX BAU GOLD 088X188 FACTON PRATA,,,,,1 ,,,,,
,,,,,,,,,,,
Pedido: 7600  Data Venda: 21/07/2025 Data fat:  01/08/25  Vendedor: EDSON Cliente: CONFORTT COLCHÕES - JOSE ANTONIO ,,,,,,,,,,,
,,,,,,,,,,,
6026 ,BOX GRAN 088x188x28 PP5,,,,,6 ,,,,,
,,,,,,,,,,,
Pedido: 7601  Data Venda: 21/07/2025 Data fat:  18/08/25  Vendedor: EDSON Cliente: VULER COMERCIO DE COLCHOES LTDA ,,,,,,,,,,,
,,,,,,,,,,,
7046 ,BOX TATAME 158x198x23 LINHO AREIA,,,,,1 ,,,,,
7646 ,BOX GOLD 193X203X23 LINHO DEVA 01,,,,,1 ,,,,,
Pedido: 7602  Data Venda: 21/07/2025 Data fat:  15/08/25  Vendedor: EDSON Cliente: CASA CRIS COLCHOES E ACESSORIOS LTDA ,,,,,,,,,,,
,,,,,,,,,,,
38 ,BICAMA GRAN 108x198 PP2,,,,,1 ,,,,,
,,,,,,,,,,,
Pedido: 7603  Data Venda: 21/07/2025 Data fat:  11/08/25  Vendedor: EDSON Cliente: ELY COLCHOES ,,,,,,,,,,,
,,,,,,,,,,,
7216 ,BOX DIAMANTE 193X203X28 FACTON CINZA,,,,,1 ,,,,,
7329 ,BOX DIAMANTE 158X198X28 FACTON BEGE,,,,,1 ,,,,,
,,,,,,,,,,,
Pedido: 7604  Data Venda: 21/07/2025 Data fat:  05/08/25  Vendedor: EDSON Cliente: CONFORTT COLCHOES - EDUARDO ,,,,,,,,,,,
,,,,,,,,,,,
7384 ,BOX DIAMANTE 138X188X28 COURO BEGE,,,,,1 ,,,,,
,,,,,,,,,,,
Pedido: 7605  Data Venda: 21/07/2025 Data fat:  31/07/25  Vendedor: EDSON Cliente: LEMA REPRESENTAÇOES ,,,,,,,,,,,
,,,,,,,,,,,
1168 ,BOX BAU GRAN 138x188 COURO BEGE,,,,,2 ,,,,,
,,,,,,,,,,,
Pedido: 7606  Data Venda: 21/07/2025 Data fat:  25/07/25  Vendedor: EDSON Cliente: MARTINS DIAS E SILVA LTDA ,,,,,,,,,,,
,,,,,,,,,,,
6207 ,BOX GRAN 108x198 x28 SP1,,,,,3 ,,,,,
,,,,,,,,,,,
Pedido: 7607  Data Venda: 21/07/2025 Data fat:  04/08/25  Vendedor: EDSON Cliente: REAL COLCHOES LTDA ,,,,,,,,,,,
,,,,,,,,,,,
238 ,BICAMA GOLD 108x198 FACTON GRAFITE,,,,,1 ,,,,,
3932 ,BOX GOLD ANTIDERRAPANTE 108x198x23 FACTON BEGE,,,,,1 ,,,,,
,,,,,,,,,,,
Pedido: 7608  Data Venda: 21/07/2025 Data fat:  31/07/25  Vendedor: EDSON Cliente: LIH HOPP COLCHOES LTDA ,,,,,,,,,,,
,,,,,,,,,,,
4508 ,BOX GOLD ANTIDERRAPANTE 193x203x23 COURO CARAMELO,,,,,1 ,,,,,
,,,,,,,,,,,
Pedido: 7609  Data Venda: 21/07/2025 Data fat:  07/08/25  Vendedor: EDSON Cliente: SUPER SONO RA ,,,,,,,,,,,
,,,,,,,,,,,
6987 ,BOX BAU GRAN PARTIDO 138X188 PP3,,,,,1 ,,,,,
7751 ,BOX GRAN PARTIDA 138X188X28 PP3,,,,,1 ,,,,,
,,,,,,,,,,,
Pedido: 7610  Data Venda: 21/07/2025 Data fat:  07/08/25  Vendedor: EDSON Cliente: LUX COLCHOES LTDA ,,,,,,,,,,,
,,,,,,,,,,,
242 ,BICAMA GOLD 108x198 LINHO BEGE,,,,,1 ,,,,,
3930 ,BOX GOLD ANTIDERRAPANTE 108x198x23 FACTON ROSE,,,,,1 ,,,,,
,,,,,,,,,,,
Pedido: 7611  Data Venda: 21/07/2025 Data fat:  25/07/25  Vendedor: EDSON Cliente: CASA CRIS COLCHOES E ACESSORIOS LTDA ,,,,,,,,,,,
,,,,,,,,,,,
7752 ,BOX BAU GOLD 108X198 VELUDO AZUL,,,,,1 ,,,,,
,,,,,,,,,,,
Pedido: 7612  Data Venda: 21/07/2025 Data fat:  05/08/25  Vendedor: EDSON Cliente: SO COLCHOES BOLIMAR ,,,,,,,,,,,
,,,,,,,,,,,
3233 ,BOX DIAMANTE 193x203x28 COURO CARAMELO,,,,,1 ,,,,,
,,,,,,,,,,,
Pedido: 7613  Data Venda: 23/07/2025 Data fat:  12/08/25  Vendedor: EDSON Cliente: ATUAL COLCHOES ,,,,,,,,,,,
,,,,,,,,,,,
6981 ,BOX BAU GRAN PARTIDO 138X188 PP1,,,,,1 ,,,,,
,,,,,,,,,,,
Pedido: 7614  Data Venda: 23/07/2025 Data fat:  23/07/25  Vendedor: EDSON Cliente: ESTACAO DO SONO CENTRO ,,,,,,,,,,,
,,,,,,,,,,,
6475 ,BOX GRAN 193x203x28 COURO NATURAL,,,,,1 ,,,,,
,,,,,,,,,,,
Pedido: 7615  Data Venda: 23/07/2025 Data fat:  08/08/25  Vendedor: EDSON Cliente: LUX COLCHOES LTDA ,,,,,,,,,,,
,,,,,,,,,,,
4267 ,BOX GOLD ANTIDERRAPANTE 138x188x28 VELUDO 2488,,,,,1 ,,,,,
,,,,,,,,,,,
Pedido: 7616  Data Venda: 23/07/2025 Data fat:  25/07/25  Vendedor: EDSON Cliente: CENARIO DO SONO ,,,,,,,,,,,
,,,,,,,,,,,
6202 ,BOX GRAN 108x198 x28 PP1,,,,,2 ,,,,,
,,,,,,,,,,,
Pedido: 7617  Data Venda: 23/07/2025 Data fat:  20/08/25  Vendedor: EDSON Cliente: SONOBOM LUA NOVA ,,,,,,,,,,,
,,,,,,,,,,,
1160 ,BOX BAU GRAN 138x188 PP1,,,,,2 ,,,,,
1162 ,BOX BAU GRAN 138x188 PP3,,,,,3 ,,,,,
1172 ,BOX BAU GRAN 158x198 PP1,,,,,1 ,,,,,
1174 ,BOX BAU GRAN 158x198 PP3,,,,,1 ,,,,,
,,,,,,,,,,,
Pedido: 7618  Data Venda: 23/07/2025 Data fat:  18/08/25  Vendedor: EDSON Cliente: REALEZA COLCHOES LTDA ,,,,,,,,,,,
,,,,,,,,,,,
1166 ,BOX BAU GRAN 138x188 COURO PRETO,,,,,1 ,,,,,
,,,,,,,,,,,
Pedido: 7619  Data Venda: 23/07/2025 Data fat:  18/08/25  Vendedor: EDSON Cliente: CENARIO DO SONO ,,,,,,,,,,,
,,,,,,,,,,,
1184 ,BOX BAU GRAN 193x203 PP1,,,,,1 ,,,,,
6326 ,BOX GRAN 138x188x28 PP5,,,,,1 ,,,,,
,,,,,,,,,,,
Pedido: 7621  Data Venda: 23/07/2025 Data fat:  31/07/25  Vendedor: EDSON Cliente: VULER COMERCIO DE COLCHOES LTDA ,,,,,,,,,,,
,,,,,,,,,,,
6376 ,BOX GRAN 158x198x23 PP1,,,,,2 ,,,,,
,,,,,,,,,,,
Pedido: 7622  Data Venda: 23/07/2025 Data fat:  18/08/25  Vendedor: EDSON Cliente: CENARIO DO SONO ,,,,,,,,,,,
,,,,,,,,,,,
1180 ,BOX BAU GRAN 158x198 COURO BEGE,,,,,1 ,,,,,
,,,,,,,,,,,
Pedido: 7624  Data Venda: 23/07/2025 Data fat:  18/08/25  Vendedor: EDSON Cliente: VULER COMERCIO DE COLCHOES LTDA ,,,,,,,,,,,
,,,,,,,,,,,
7753 ,BOX BAU GOLD 138X188 DEVA 05,,,,,1 ,,,,,
Pedido: 7625  Data Venda: 23/07/2025 Data fat:  14/08/25  Vendedor: EDSON Cliente: SIMONS RIO VERDE ,,,,,,,,,,,
,,,,,,,,,,,
326 ,BICAMA GOLD 158x198 FACTON FENDI,,,,,1 ,,,,,
,,,,,,,,,,,
Pedido: 7626  Data Venda: 23/07/2025 Data fat:  28/08/25  Vendedor: EDSON Cliente: COLCHOES E SONHOS - COMERCIO DE COLCHOES LTDA ,,,,,,,,,,,
,,,,,,,,,,,
10 ,BICAMA GRAN 088x188 COURO NATURAL,,,,,1 ,,,,,
,,,,,,,,,,,
Pedido: 7627  Data Venda: 23/07/2025 Data fat:  11/08/25  Vendedor: EDSON Cliente: BOM SONO LTDA ,,,,,,,,,,,
,,,,,,,,,,,
3201 ,BOX DIAMANTE 138x188x28 VELUDO ROSE,,,,,2 ,,,,,
,,,,,,,,,,,
Pedido: 7628  Data Venda: 23/07/2025 Data fat:  11/08/25  Vendedor: EDSON Cliente: BOM SONO LTDA ,,,,,,,,,,,
,,,,,,,,,,,
7034 ,BICAMA GRAN 108X198 PP4,,,,,1 ,,,,,
,,,,,,,,,,,
Pedido: 7630  Data Venda: 24/07/2025 Data fat:  12/08/25  Vendedor: EDSON Cliente: ARMAZEM COLCHÕES ,,,,,,,,,,,
,,,,,,,,,,,
296 ,BICAMA GOLD 138x188 FACTON FENDI,,,,,1 ,,,,,
,,,,,,,,,,,
Pedido: 7631  Data Venda: 24/07/2025 Data fat:  05/08/25  Vendedor: EDSON Cliente: CENARIO DO SONO ,,,,,,,,,,,
,,,,,,,,,,,
7755 ,BOX BAU GOLD 138X188 DEVA 04,,,,,1 ,,,,,
,,,,,,,,,,,
Pedido: 7632  Data Venda: 24/07/2025 Data fat:  31/07/25  Vendedor: EDSON Cliente: CENARIO DO SONO ,,,,,,,,,,,
,,,,,,,,,,,
6316 ,BOX GRAN 138x188x23 PP1,,,,,2 ,,,,,
6322 ,BOX GRAN 138x188x28 PP1,,,,,2 ,,,,,
6442 ,BOX GRAN 193x203x28 PP1,,,,,1 ,,,,,
,,,,,,,,,,,
Pedido: 7633  Data Venda: 24/07/2025 Data fat:  18/08/25  Vendedor: EDSON Cliente: A PIONEIRA COLCHOES LTDA ,,,,,,,,,,,
,,,,,,,,,,,
75 ,BICAMA GRAN 158x198 PP3,,,,,1 ,,,,,
,,,,,,,,,,,
Pedido: 7634  Data Venda: 24/07/2025 Data fat:  11/08/25  Vendedor: EDSON Cliente: CHIMANGO DISTRIBUIDORA DE COLCHOES LTDA ,,,,,,,,,,,
,,,,,,,,,,,
7756 ,BOX DIAMANTE 158X198X28 ALASKA 01,,,,,1 ,,,,,
,,,,,,,,,,,
Pedido: 7635  Data Venda: 24/07/2025 Data fat:  24/07/25  Vendedor: EDSON Cliente: FC FERREIRA JACOB- DISTRIBUIDORA DE COLCHOES BURITI ,,,,,,,,,,,
,,,,,,,,,,,
221 ,BICAMA GOLD 108x198 PP5,,,,,2 ,,,,,
,,,,,,,,,,,
Pedido: 7636  Data Venda: 25/07/2025 Data fat:  28/07/25  Vendedor: EDSON Cliente: ARMAZEM COLCHÕES ,,,,,,,,,,,
,,,,,,,,,,,
6022 ,BOX GRAN 088x188x28 PP1,,,,,1 ,,,,,
6024 ,BOX GRAN 088x188x28 PP3,,,,,1 ,,,,,
6382 ,BOX GRAN 158x198x28 PP1,,,,,2 ,,,,,
6384 ,BOX GRAN 158x198x28 PP3,,,,,1 ,,,,,
,,,,,,,,,,,
Pedido: 7637  Data Venda: 25/07/2025 Data fat:  25/07/25  Vendedor: EDSON Cliente: CASA CRIS COLCHOES E ACESSORIOS LTDA ,,,,,,,,,,,
,,,,,,,,,,,
6839 ,BOX DIAMANTE 193X203X28 FACTON BEGE,,,,,1 ,,,,,
7697 ,BOX DIAMANTE 158X198X28 FACTON AZUL,,,,,1 ,,,,,
,,,,,,,,,,,
Pedido: 7639  Data Venda: 28/07/2025 Data fat:  07/08/25  Vendedor: EDSON Cliente: SUPER SONO RA ,,,,,,,,,,,
,,,,,,,,,,,
6534 ,BOX DIAMANTE 158X198X28 LINHO GRAFITE,,,,,1 ,,,,,
,,,,,,,,,,,
Pedido: 7640  Data Venda: 28/07/2025 Data fat:  05/08/25  Vendedor: EDSON Cliente: VULER COMERCIO DE COLCHOES LTDA ,,,,,,,,,,,
,,,,,,,,,,,
5564 ,BOX GOLD 138x188x23 COURO CARAMELO,,,,,1 ,,,,,
,,,,,,,,,,,
Pedido: 7641  Data Venda: 28/07/2025 Data fat:  20/08/25  Vendedor: EDSON Cliente: BOA NOITE COLCHOES ,,,,,,,,,,,
,,,,,,,,,,,
7757 ,BOX GOLD PRIME 158X198X23 DURANGO BEGE,,,,,1 ,,,,,
,,,,,,,,,,,
Pedido: 7642  Data Venda: 28/07/2025 Data fat:  14/08/25  Vendedor: EDSON Cliente: SIMONS RIO VERDE ,,,,,,,,,,,
,,,,,,,,,,,
958 ,BOX BAU GOLD 108x198 FACTON FENDI,,,,,1 ,,,,,
,,,,,,,,,,,
Pedido: 7643  Data Venda: 28/07/2025 Data fat:  31/07/25  Vendedor: EDSON Cliente: CENARIO DO SONO ,,,,,,,,,,,
,,,,,,,,,,,
6382 ,BOX GRAN 158x198x28 PP1,,,,,4 ,,,,,
,,,,,,,,,,,
Pedido: 7644  Data Venda: 28/07/2025 Data fat:  01/08/25  Vendedor: EDSON Cliente: CONFORTT COLCHÕES - JOSE ANTONIO ,,,,,,,,,,,
,,,,,,,,,,,
6024 ,BOX GRAN 088x188x28 PP3,,,,,3 ,,,,,
,,,,,,,,,,,
Pedido: 7645  Data Venda: 28/07/2025 Data fat:  06/08/25  Vendedor: EDSON Cliente: FC FERREIRA JACOB- DISTRIBUIDORA DE COLCHOES BURITI ,,,,,,,,,,,
,,,,,,,,,,,
3199 ,BOX DIAMANTE 138x188x28 COURO CARAMELO,,,,,1 ,,,,,
,,,,,,,,,,,
Pedido: 7646  Data Venda: 28/07/2025 Data fat:  01/08/25  Vendedor: EDSON Cliente: BONS SONHOS COLCHOES E COMPLEMENTOS LTDA ,,,,,,,,,,,
,,,,,,,,,,,
7448 ,BOX TATAME 158X198X25 LINHO CINZA,,,,,1 ,,,,,
,,,,,,,,,,,
Pedido: 7647  Data Venda: 28/07/2025 Data fat:  14/08/25  Vendedor: EDSON Cliente: CHIMANGO DISTRIBUIDORA DE COLCHOES LTDA ,,,,,,,,,,,
,,,,,,,,,,,
7 ,BICAMA GRAN 088x188 COURO PRETO,,,,,1 ,,,,,
,,,,,,,,,,,
Pedido: 7648  Data Venda: 28/07/2025 Data fat:  01/08/25  Vendedor: EDSON Cliente: SO COLCHOES BOLIMAR ,,,,,,,,,,,
,,,,,,,,,,,
146 ,BICAMA GOLD 088x188 FACTON FENDI,,,,,1 ,,,,,
148 ,BICAMA GOLD 088x188 FACTON GRAFITE,,,,,1 ,,,,,
236 ,BICAMA GOLD 108x198 FACTON FENDI,,,,,1 ,,,,,
238 ,BICAMA GOLD 108x198 FACTON GRAFITE,,,,,1 ,,,,,
7750 ,BOX DIAMANTE LISTRAS 193X203X28 VELUDO BEGE,,,,,1 ,,,,,
,,,,,,,,,,,
Pedido: 7653  Data Venda: 28/07/2025 Data fat:  22/08/25  Vendedor: EDSON Cliente: ORTOSONO QUIRINOPOLIS ,,,,,,,,,,,
,,,,,,,,,,,
3216 ,BOX DIAMANTE 158x198x28 COURO CARAMELO,,,,,2 ,,,,,
5656 ,BOX GOLD 158x198x23 PP1,,,,,1 ,,,,,
6324 ,BOX GRAN 138x188x28 PP3,,,,,3 ,,,,,
6326 ,BOX GRAN 138x188x28 PP5,,,,,3 ,,,,,
6327 ,BOX GRAN 138x188x28 SP1,,,,,3 ,,,,,
7627 ,BOX DIAMANTE 158X198X28 LINHO DEVA 01,,,,,1 ,,,,,
7631 ,BOX BAU GRAN PARTIDO 138X188 COURO CHOCOLATE,,,,,2 ,,,,,
,,,,,,,,,,,
Pedido: 7654  Data Venda: 28/07/2025 Data fat:  08/08/25  Vendedor: EDSON Cliente: A EXCLUSIVA COLCHOES LTDA ,,,,,,,,,,,
,,,,,,,,,,,
7759 ,BOX GRAN 158X198X28 SUED BRANCO,,,,,2 ,,,,,
,,,,,,,,,,,
Pedido: 7655  Data Venda: 28/07/2025 Data fat:  18/08/25  Vendedor: EDSON Cliente: REALEZA COLCHOES LTDA ,,,,,,,,,,,
,,,,,,,,,,,
6692 ,BOX GOLD PRIME 158X198X23 COURO CARAMELO,,,,,1 ,,,,,
,,,,,,,,,,,
Pedido: 7656  Data Venda: 28/07/2025 Data fat:  20/08/25  Vendedor: EDSON Cliente: LIH HOPP COLCHOES LTDA ,,,,,,,,,,,
,,,,,,,,,,,
7760 ,BOX BAU GOLD 088X188 SAFIRA 03,,,,,1 ,,,,,
,,,,,,,,,,,
Pedido: 7657  Data Venda: 28/07/2025 Data fat:  18/08/25  Vendedor: EDSON Cliente: VULER COMERCIO DE COLCHOES LTDA ,,,,,,,,,,,
,,,,,,,,,,,
1186 ,BOX BAU GRAN 193x203 PP3,,,,,1 ,,,,,
5571 ,BOX GOLD 138x188x28 COURO CARAMELO,,,,,1 ,,,,,
7494 , BOX GOLD 178X198X23 LINHO AREIA,,,,,1 ,,,,,
7761 ,BOX GOLD 138X188X28 SAFIRA 04,,,,,1 ,,,,,
,,,,,,,,,,,
Pedido: 7658  Data Venda: 28/07/2025 Data fat:  05/08/25  Vendedor: EDSON Cliente: CENARIO DO SONO ,,,,,,,,,,,
,,,,,,,,,,,
5681 ,BOX GOLD 158x198x23 CAP 2621,,,,,1 ,,,,,
6022 ,BOX GRAN 088x188x28 PP1,,,,,2 ,,,,,
,,,,,,,,,,,
Pedido: 7659  Data Venda: 28/07/2025 Data fat:  11/08/25  Vendedor: EDSON Cliente: SONHARE LC MOVEIS E ELETRODOMESTICOS LTDA ,,,,,,,,,,,
,,,,,,,,,,,
6 ,BICAMA GRAN 088x188 SP1,,,,,1 ,,,,,
39 ,BICAMA GRAN 108x198 PP3,,,,,2 ,,,,,
,,,,,,,,,,,
Pedido: 7660  Data Venda: 31/07/2025 Data fat:  14/08/25  Vendedor: EDSON Cliente: ATUAL COLCHOES ,,,,,,,,,,,
,,,,,,,,,,,
7329 ,BOX DIAMANTE 158X198X28 FACTON BEGE,,,,,1 ,,,,,
,,,,,,,,,,,
Pedido: 7663  Data Venda: 31/07/2025 Data fat:  05/08/25  Vendedor: EDSON Cliente: CONFORTT COLCHÕES - JOSE ANTONIO ,,,,,,,,,,,
,,,,,,,,,,,
6326 ,BOX GRAN 138x188x28 PP5,,,,,4 ,,,,,
,,,,,,,,,,,
Pedido: 7665  Data Venda: 31/07/2025 Data fat:  14/08/25  Vendedor: EDSON Cliente: CHIMANGO 85 ,,,,,,,,,,,
,,,,,,,,,,,
3190 ,BOX DIAMANTE 138x188x28 PP3,,,,,1 ,,,,,
5631 ,BOX GOLD 138x188x23 VELUDO 2488,,,,,1 ,,,,,
7762 ,BOX GOLD ANTIDERRAPANTE 138X188X23 SAFIRA 04,,,,,1 ,,,,,
,,,,,,,,,,,
Pedido: 7666  Data Venda: 31/07/2025 Data fat:  13/08/25  Vendedor: EDSON Cliente: VIVA MAIS ,,,,,,,,,,,
,,,,,,,,,,,
1166 ,BOX BAU GRAN 138x188 COURO PRETO,,,,,1 ,,,,,
,,,,,,,,,,,
Pedido: 7667  Data Venda: 31/07/2025 Data fat:  20/08/25  Vendedor: EDSON Cliente: BOA NOITE COLCHOES ,,,,,,,,,,,
,,,,,,,,,,,
5863 ,BOX GOLD 193x203x23 COURO CINZA,,,,,4 ,,,,,
,,,,,,,,,,,
Pedido: 7668  Data Venda: 31/07/2025 Data fat:  18/08/25  Vendedor: EDSON Cliente: A PIONEIRA COLCHOES LTDA ,,,,,,,,,,,
,,,,,,,,,,,
1174 ,BOX BAU GRAN 158x198 PP3,,,,,2 ,,,,,
5762 ,BOX GOLD 158x198x23 LINHO CINZA,,,,,1 ,,,,,
7601 ,BOX GOLD 158X198X23 LINHO SAFIRA 01,,,,,1 ,,,,,
7763 ,BOX BAU GOLD 193X203 ALASKA 10,,,,,1 ,,,,,
7764 ,BOX GOLD 110X200X23 LINHO CINZA,,,,,2 ,,,,,
,,,,,,,,,,,
Pedido: 7669  Data Venda: 31/07/2025 Data fat:  06/08/25  Vendedor: EDSON Cliente: FC FERREIRA JACOB- DISTRIBUIDORA DE COLCHOES BURITI ,,,,,,,,,,,
,,,,,,,,,,,
7590 ,BOX GOLD ANTIDERRAPANTE 158X198X23 LINHO DEVA 03,,,,,1 ,,,,,
,,,,,,,,,,,
Pedido: 7670  Data Venda: 31/07/2025 Data fat:  31/07/25  Vendedor: EDSON Cliente: LEMA REPRESENTAÇOES ,,,,,,,,,,,
,,,,,,,,,,,
6024 ,BOX GRAN 088x188x28 PP3,,,,,1 ,,,,,
,,,,,,,,,,,
Pedido: 7671  Data Venda: 31/07/2025 Data fat:  06/08/25  Vendedor: EDSON Cliente: ATUAL COLCHOES ,,,,,,,,,,,
,,,,,,,,,,,
5782 ,BOX GOLD 158x198x23 VELUDO 2489,,,,,1 ,,,,,
Pedido: 7675  Data Venda: 31/07/2025 Data fat:  31/07/25  Vendedor: EDSON Cliente: ATUAL COLCHOES ,,,,,,,,,,,
,,,,,,,,,,,
1175 ,BOX BAU GRAN 158x198 PP4,,,,,1 ,,,,,
,,,,,,,,,,,
Pedido: 7679  Data Venda: 01/08/2025 Data fat:  12/08/25  Vendedor: EDSON Cliente: ARMAZEM COLCHÕES ,,,,,,,,,,,
,,,,,,,,,,,
4244 ,BOX GOLD ANTIDERRAPANTE 138x188x23 LINHO BEGE,,,,,1 ,,,,,
,,,,,,,,,,,
Pedido: 7680  Data Venda: 01/08/2025 Data fat:  01/08/25  Vendedor: EDSON Cliente: CENARIO DO SONO ,,,,,,,,,,,
,,,,,,,,,,,
5962 ,BOX GRAN 078x188x28 PP1,,,,,2 ,,,,,
,,,,,,,,,,,
Pedido: 7682  Data Venda: 01/08/2025 Data fat:  14/08/25  Vendedor: EDSON Cliente: CHIMANGO DISTRIBUIDORA DE COLCHOES LTDA ,,,,,,,,,,,
,,,,,,,,,,,
6327 ,BOX GRAN 138x188x28 SP1,,,,,1 ,,,,,
7765 ,BOX GOLD PRIME 158X198X23 ALASKA 03,,,,,1 ,,,,,
,,,,,,,,,,,
Pedido: 7683  Data Venda: 01/08/2025 Data fat:  28/08/25  Vendedor: EDSON Cliente: ESTACAO DO SONO T-63 ,,,,,,,,,,,
,,,,,,,,,,,
6357 ,BOX GRAN 138x188x28 COURO CHOCOLATE,,,,,1 ,,,,,
6417 ,BOX GRAN 158x198x28 COURO CHOCOLATE,,,,,1 ,,,,,
6475 ,BOX GRAN 193x203x28 COURO NATURAL,,,,,1 ,,,,,
,,,,,,,,,,,
Pedido: 7684  Data Venda: 01/08/2025 Data fat:  18/08/25  Vendedor: EDSON Cliente: VULER COMERCIO DE COLCHOES LTDA ,,,,,,,,,,,
,,,,,,,,,,,
1168 ,BOX BAU GRAN 138x188 COURO BEGE,,,,,1 ,,,,,
7610 ,BOX BICAMA DIAMANTE UMA LISTRA 088X188 LINHO DEVA 08,,,,,1 ,,,,,
7766 ,BOX DIAMANTE 1 LISTRA 088X188X28 DEVA 08,,,,,1 ,,,,,
,,,,,,,,,,,
Pedido: 7685  Data Venda: 04/08/2025 Data fat:  21/08/25  Vendedor: EDSON Cliente: ESTACAO DO SONO CENTRO ,,,,,,,,,,,
,,,,,,,,,,,
640 ,BOX BAU C/ AUXILIAR 088x188 PP3,,,,,1 ,,,,,
,,,,,,,,,,,
Pedido: 7686  Data Venda: 04/08/2025 Data fat:  13/08/25  Vendedor: EDSON Cliente: SUPER SONO MR ,,,,,,,,,,,
,,,,,,,,,,,
6322 ,BOX GRAN 138x188x28 PP1,,,,,4 ,,,,,
6324 ,BOX GRAN 138x188x28 PP3,,,,,2 ,,,,,
6326 ,BOX GRAN 138x188x28 PP5,,,,,4 ,,,,,
,,,,,,,,,,,
Pedido: 7687  Data Venda: 04/08/2025 Data fat:  04/08/25  Vendedor: EDSON Cliente: VULER COMERCIO DE COLCHOES LTDA ,,,,,,,,,,,
,,,,,,,,,,,
7545 ,BOX GOLD 158X198X23 DEVA 01,,,,,1 ,,,,,
,,,,,,,,,,,
Pedido: 7688  Data Venda: 04/08/2025 Data fat:  18/08/25  Vendedor: EDSON Cliente: LEMA REPRESENTAÇOES ,,,,,,,,,,,
,,,,,,,,,,,
7767 ,BOX GOLD PRIME 088X188X23 LINHO CINZA,,,,,2 ,,,,,
,,,,,,,,,,,
Pedido: 7689  Data Venda: 04/08/2025 Data fat:  05/08/25  Vendedor: EDSON Cliente: CENARIO DO SONO ,,,,,,,,,,,
,,,,,,,,,,,
6022 ,BOX GRAN 088x188x28 PP1,,,,,3 ,,,,,
,,,,,,,,,,,
Pedido: 7690  Data Venda: 05/08/2025 Data fat:  13/08/25  Vendedor: EDSON Cliente: ESTACAO DO SONO CENTRO ,,,,,,,,,,,
,,,,,,,,,,,
6026 ,BOX GRAN 088x188x28 PP5,,,,,2 ,,,,,
6027 ,BOX GRAN 088x188x28 SP1,,,,,3 ,,,,,
6206 ,BOX GRAN 108x198 x28 PP5,,,,,1 ,,,,,
6322 ,BOX GRAN 138x188x28 PP1,,,,,2 ,,,,,
6326 ,BOX GRAN 138x188x28 PP5,,,,,2 ,,,,,
6327 ,BOX GRAN 138x188x28 SP1,,,,,2 ,,,,,
6447 ,BOX GRAN 193x203x28 SP1,,,,,1 ,,,,,
,,,,,,,,,,,
Pedido: 7693  Data Venda: 05/08/2025 Data fat:  05/08/25  Vendedor: EDSON Cliente: SUPER SONO RA ,,,,,,,,,,,
,,,,,,,,,,,
5778 ,BOX GOLD 158x198x20 VELUDO 2489,,,,,1 ,,,,,
,,,,,,,,,,,
Pedido: 7697  Data Venda: 07/08/2025 Data fat:  14/08/25  Vendedor: EDSON Cliente: LEMA REPRESENTAÇOES ,,,,,,,,,,,
,,,,,,,,,,,
869 ,BOX BAU GOLD 088x188 FACTON CINZA,,,,,1 ,,,,,
,,,,,,,,,,,
Pedido: 7698  Data Venda: 07/08/2025 Data fat:  14/08/25  Vendedor: EDSON Cliente: TELMA BABY ,,,,,,,,,,,
,,,,,,,,,,,
6386 ,BOX GRAN 158x198x28 PP5,,,,,2 ,,,,,
6387 ,BOX GRAN 158x198x28 SP1,,,,,2 ,,,,,
6446 ,BOX GRAN 193x203x28 PP5,,,,,1 ,,,,,
6447 ,BOX GRAN 193x203x28 SP1,,,,,2 ,,,,,
,,,,,,,,,,,
Pedido: 7701  Data Venda: 07/08/2025 Data fat:  02/09/25  Vendedor: EDSON Cliente: SUPER SONO MR ,,,,,,,,,,,
,,,,,,,,,,,
1162 ,BOX BAU GRAN 138x188 PP3,,,,,1 ,,,,,
1174 ,BOX BAU GRAN 158x198 PP3,,,,,2 ,,,,,
6322 ,BOX GRAN 138x188x28 PP1,,,,,5 ,,,,,
6326 ,BOX GRAN 138x188x28 PP5,,,,,5 ,,,,,
,,,,,,,,,,,
Pedido: 7702  Data Venda: 07/08/2025 Data fat:  27/08/25  Vendedor: EDSON Cliente: RODRIGUES & CALACA LTDA ,,,,,,,,,,,
,,,,,,,,,,,
1142 ,BOX BAU GRAN 108x198 COURO PRETO,,,,,1 ,,,,,
6983 ,BAU GRAN 108 COURO BEGE,,,,,1 ,,,,,
7769 ,BOX BAU GRAN 158X188 COURO BRANCO,,,,,1 ,,,,,
,,,,,,,,,,,
Pedido: 7703  Data Venda: 07/08/2025 Data fat:  22/08/25  Vendedor: EDSON Cliente: VULER COMERCIO DE COLCHOES LTDA ,,,,,,,,,,,
,,,,,,,,,,,
1021 ,BOX BAU GOLD 138x188 LINHO BEGE,,,,,1 ,,,,,
7671 ,BOX BAU GOLD 158X198 LINHO DEVA 01,,,,,1 ,,,,,
,,,,,,,,,,,
Pedido: 7704  Data Venda: 07/08/2025 Data fat:  07/08/25  Vendedor: EDSON Cliente: SUPER SONO RA ,,,,,,,,,,,
,,,,,,,,,,,
1160 ,BOX BAU GRAN 138x188 PP1,,,,,3 ,,,,,
1162 ,BOX BAU GRAN 138x188 PP3,,,,,4 ,,,,,
1164 ,BOX BAU GRAN 138x188 PP5,,,,,2 ,,,,,
6382 ,BOX GRAN 158x198x28 PP1,,,,,6 ,,,,,
6436 ,BOX GRAN 193x203x23 PP1,,,,,2 ,,,,,
6438 ,BOX GRAN 193x203x23 PP3,,,,,3 ,,,,,
6442 ,BOX GRAN 193x203x28 PP1,,,,,3 ,,,,,
,,,,,,,,,,,
Pedido: 7705  Data Venda: 07/08/2025 Data fat:  15/08/25  Vendedor: EDSON Cliente: CASA CRIS COLCHOES E ACESSORIOS LTDA ,,,,,,,,,,,
,,,,,,,,,,,
967 ,BOX BAU GOLD 108x198 VELUDO 2493,,,,,1 ,,,,,
,,,,,,,,,,,
Pedido: 7710  Data Venda: 07/08/2025 Data fat:  28/08/25  Vendedor: EDSON Cliente: A PIONEIRA COLCHOES LTDA ,,,,,,,,,,,
,,,,,,,,,,,
642 ,BOX BAU C/ AUXILIAR 088x188 PP5,,,,,1 ,,,,,
,,,,,,,,,,,
Pedido: 7711  Data Venda: 07/08/2025 Data fat:  14/08/25  Vendedor: EDSON Cliente: CHIMANGO 85 ,,,,,,,,,,,
,,,,,,,,,,,
7774 ,BOX GOLD 088X188X23 ALASKA 04,,,,,1 ,,,,,
,,,,,,,,,,,
Pedido: 7712  Data Venda: 07/08/2025 Data fat:  22/08/25  Vendedor: EDSON Cliente: REAL COLCHOES LTDA ,,,,,,,,,,,
,,,,,,,,,,,
6457 ,BOX GRAN 193x203x15 COURO NATURAL,,,,,1 ,,,,,
6476 ,BOX GRAN 193x203x28 COURO CINZA,,,,,1 ,,,,,
,,,,,,,,,,,
Pedido: 7713  Data Venda: 07/08/2025 Data fat:  03/09/25  Vendedor: EDSON Cliente: IG COMERCIO DE COLCHOES LTDA ,,,,,,,,,,,
,,,,,,,,,,,
5762 ,BOX GOLD 158x198x23 LINHO CINZA,,,,,2 ,,,,,
5764 ,BOX GOLD 158x198x23 LINHO BEGE,,,,,4 ,,,,,
,,,,,,,,,,,
Pedido: 7714  Data Venda: 08/08/2025 Data fat:  08/08/25  Vendedor: EDSON Cliente: OUTLET COLCHOES E ACESSORIOS LTDA ,,,,,,,,,,,
,,,,,,,,,,,
1160 ,BOX BAU GRAN 138x188 PP1,,,,,1 ,,,,,
,,,,,,,,,,,
Pedido: 7715  Data Venda: 08/08/2025 Data fat:  08/08/25  Vendedor: EDSON Cliente: SUPER SONO RA ,,,,,,,,,,,
,,,,,,,,,,,
1172 ,BOX BAU GRAN 158x198 PP1,,,,,3 ,,,,,
1174 ,BOX BAU GRAN 158x198 PP3,,,,,3 ,,,,,
1176 ,BOX BAU GRAN 158x198 PP5,,,,,3 ,,,,,
1195 ,BOX BAU GRAN 193x203 COURO CHOCOLATE,,,,,1 ,,,,,
,,,,,,,,,,,
Pedido: 7716  Data Venda: 08/08/2025 Data fat:  25/08/25  Vendedor: EDSON Cliente: RODRIGUES & CALACA LTDA ,,,,,,,,,,,
,,,,,,,,,,,
6232 ,BOX GRAN 108x198x28 COURO PRETO,,,,,2 ,,,,,
6235 ,BOX GRAN 108x198x28 COURO NATURAL,,,,,2 ,,,,,
6237 ,BOX GRAN 108x198x28 COURO CHOCOLATE,,,,,2 ,,,,,
6412 ,BOX GRAN 158x198x28 COURO PRETO,,,,,3 ,,,,,
6415 ,BOX GRAN 158x198x28 COURO NATURAL,,,,,3 ,,,,,
6417 ,BOX GRAN 158x198x28 COURO CHOCOLATE,,,,,4 ,,,,,
6715 ,BOX GRAN 158x198x28 COURO AREIA,,,,,3 ,,,,,
,,,,,,,,,,,
Pedido: 7717  Data Venda: 08/08/2025 Data fat:  18/08/25  Vendedor: EDSON Cliente: A PIONEIRA COLCHOES LTDA ,,,,,,,,,,,
,,,,,,,,,,,
1022 ,BOX BAU GOLD 138x188 LINHO CINZA,,,,,1 ,,,,,
,,,,,,,,,,,
Pedido: 7718  Data Venda: 08/08/2025 Data fat:  18/08/25  Vendedor: EDSON Cliente: CENARIO DO SONO ,,,,,,,,,,,
,,,,,,,,,,,
6082 ,BOX GRAN 096x203x28 PP1,,,,,1 ,,,,,
,,,,,,,,,,,
Pedido: 7719  Data Venda: 08/08/2025 Data fat:  25/08/25  Vendedor: EDSON Cliente: CONFORTT COLCHÕES - JOSE ANTONIO ,,,,,,,,,,,
,,,,,,,,,,,
6202 ,BOX GRAN 108x198 x28 PP1,,,,,2 ,,,,,
6206 ,BOX GRAN 108x198 x28 PP5,,,,,3 ,,,,,
,,,,,,,,,,,
Pedido: 7721  Data Venda: 08/08/2025 Data fat:  28/08/25  Vendedor: EDSON Cliente: SUPER SONO RA ,,,,,,,,,,,
,,,,,,,,,,,
1100 ,BOX BAU GRAN 088x188 PP1,,,,,1 ,,,,,
7775 ,BOX GOLD 158X198X23 SAFIRA 03,,,,,1 ,,,,,
7776 ,BOX GOLD 138X188X20 ALASKA 10,,,,,1 ,,,,,
7777 ,BOX GOLD 108X198X28 SAFIRA 03,,,,,1 ,,,,,
,,,,,,,,,,,
Pedido: 7722  Data Venda: 11/08/2025 Data fat:  25/08/25  Vendedor: EDSON Cliente: OUTLET COLCHOES E ACESSORIOS LTDA ,,,,,,,,,,,
,,,,,,,,,,,
6022 ,BOX GRAN 088x188x28 PP1,,,,,2 ,,,,,
6204 ,BOX GRAN 108x198x28 PP3,,,,,2 ,,,,,
6206 ,BOX GRAN 108x198 x28 PP5,,,,,2 ,,,,,
6322 ,BOX GRAN 138x188x28 PP1,,,,,2 ,,,,,
6324 ,BOX GRAN 138x188x28 PP3,,,,,1 ,,,,,
6326 ,BOX GRAN 138x188x28 PP5,,,,,4 ,,,,,
6382 ,BOX GRAN 158x198x28 PP1,,,,,3 ,,,,,
6386 ,BOX GRAN 158x198x28 PP5,,,,,3 ,,,,,
,,,,,,,,,,,
Pedido: 7724  Data Venda: 11/08/2025 Data fat:  03/09/25  Vendedor: EDSON Cliente: COPLASTICO COMERCIO DE COLCHOES LTDA ,,,,,,,,,,,
,,,,,,,,,,,
7789 ,BOX DIAMANTE 1 LISTRA 158X198X28 LINHO CHOCOLTE,,,,,1 ,,,,,
,,,,,,,,,,,
Pedido: 7727  Data Venda: 11/08/2025 Data fat:  28/08/25  Vendedor: EDSON Cliente: A PIONEIRA COLCHOES LTDA ,,,,,,,,,,,
,,,,,,,,,,,
1138 ,BOX BAU GRAN 108x198 PP3,,,,,1 ,,,,,
,,,,,,,,,,,
Pedido: 7728  Data Venda: 11/08/2025 Data fat:  18/08/25  Vendedor: EDSON Cliente: VULER COMERCIO DE COLCHOES LTDA ,,,,,,,,,,,
,,,,,,,,,,,
6354 ,BOX GRAN 138x188x28 COURO BEGE,,,,,1 ,,,,,
,,,,,,,,,,,
Pedido: 7729  Data Venda: 11/08/2025 Data fat:  01/09/25  Vendedor: EDSON Cliente: SONHARE LC MOVEIS E ELETRODOMESTICOS LTDA ,,,,,,,,,,,
,,,,,,,,,,,
39 ,BICAMA GRAN 108x198 PP3,,,,,2 ,,,,,
,,,,,,,,,,,
Pedido: 7731  Data Venda: 11/08/2025 Data fat:  20/08/25  Vendedor: EDSON Cliente: LIH HOPP COLCHOES LTDA ,,,,,,,,,,,
,,,,,,,,,,,
7780 ,BOX GOLD 088X188X23 SAFIRA 02,,,,,1 ,,,,,
,,,,,,,,,,,
Pedido: 7732  Data Venda: 11/08/2025 Data fat:  01/09/25  Vendedor: EDSON Cliente: ATUAL COLCHOES ,,,,,,,,,,,
,,,,,,,,,,,
1175 ,BOX BAU GRAN 158x198 PP4,,,,,3 ,,,,,
6442 ,BOX GRAN 193x203x28 PP1,,,,,1 ,,,,,
,,,,,,,,,,,
Pedido: 7733  Data Venda: 11/08/2025 Data fat:  28/08/25  Vendedor: EDSON Cliente: SUPER SONO RA ,,,,,,,,,,,
,,,,,,,,,,,
1048 ,BOX BAU GOLD 158x198 FACTON FENDI,,,,,1 ,,,,,
,,,,,,,,,,,
Pedido: 7734  Data Venda: 11/08/2025 Data fat:  21/08/25  Vendedor: EDSON Cliente: SUPER SONO MR ,,,,,,,,,,,
,,,,,,,,,,,
6192 ,BOX GRAN 108x198 x20 PP3,,,,,1 ,,,,,
,,,,,,,,,,,
Pedido: 7735  Data Venda: 11/08/2025 Data fat:  21/08/25  Vendedor: EDSON Cliente: IG COMERCIO DE COLCHOES LTDA ,,,,,,,,,,,
,,,,,,,,,,,
5900 ,BOX GOLD 193x203x28 FACTON FENDI,,,,,1 ,,,,,
7174 ,BOX GOLD LUXO 088X188X15 LINHO AREIA,,,,,2 ,,,,,
,,,,,,,,,,,
Pedido: 7736  Data Venda: 12/08/2025 Data fat:  28/08/25  Vendedor: EDSON Cliente: ESTACAO DO SONO T-63 ,,,,,,,,,,,
,,,,,,,,,,,
1161 ,BOX BAU GRAN 138x188 PP2,,,,,1 ,,,,,
,,,,,,,,,,,
Pedido: 7737  Data Venda: 12/08/2025 Data fat:  25/08/25  Vendedor: EDSON Cliente: CONFORTT COLCHÕES - JOSE ANTONIO ,,,,,,,,,,,
,,,,,,,,,,,
6382 ,BOX GRAN 158x198x28 PP1,,,,,1 ,,,,,
6384 ,BOX GRAN 158x198x28 PP3,,,,,2 ,,,,,
6386 ,BOX GRAN 158x198x28 PP5,,,,,2 ,,,,,
,,,,,,,,,,,
Pedido: 7739  Data Venda: 12/08/2025 Data fat:  12/08/25  Vendedor: EDSON Cliente: SUPER SONO RA ,,,,,,,,,,,
,,,,,,,,,,,
6382 ,BOX GRAN 158x198x28 PP1,,,,,4 ,,,,,
6384 ,BOX GRAN 158x198x28 PP3,,,,,4 ,,,,,
,,,,,,,,,,,
Pedido: 7740  Data Venda: 12/08/2025 Data fat:  25/08/25  Vendedor: EDSON Cliente: OUTLET COLCHOES E ACESSORIOS LTDA ,,,,,,,,,,,
,,,,,,,,,,,
6024 ,BOX GRAN 088x188x28 PP3,,,,,1 ,,,,,
6442 ,BOX GRAN 193x203x28 PP1,,,,,1 ,,,,,
,,,,,,,,,,,
Pedido: 7741  Data Venda: 12/08/2025 Data fat:  29/08/25  Vendedor: EDSON Cliente: TELMA BABY ,,,,,,,,,,,
,,,,,,,,,,,
6893 ,BOX BAU GRAN 158X198 COURO PRETO,,,,,1 ,,,,,
,,,,,,,,,,,
Pedido: 7742  Data Venda: 13/08/2025 Data fat:  13/08/25  Vendedor: EDSON Cliente: OUTLET COLCHOES E ACESSORIOS LTDA ,,,,,,,,,,,
,,,,,,,,,,,
6204 ,BOX GRAN 108x198x28 PP3,,,,,2 ,,,,,
,,,,,,,,,,,
Pedido: 7743  Data Venda: 13/08/2025 Data fat:  14/08/25  Vendedor: EDSON Cliente: ATUAL COLCHOES ,,,,,,,,,,,
,,,,,,,,,,,
5593 ,BOX GOLD 138x188x23 FACTON BEGE,,,,,1 ,,,,,
,,,,,,,,,,,
Pedido: 7744  Data Venda: 13/08/2025 Data fat:  27/08/25  Vendedor: EDSON Cliente: ALVORADA COLCHOES E MOVEIS LTDA ,,,,,,,,,,,
,,,,,,,,,,,
5597 ,BOX GOLD 138x188x28 FACTON ROSE,,,,,1 ,,,,,
5602 ,BOX GOLD 138x188x28 FACTON GRAFITE,,,,,1 ,,,,,
5721 ,BOX GOLD 158x198x28 COURO CARAMELO,,,,,1 ,,,,,
5752 ,BOX GOLD 158x198x28 FACTON GRAFITE,,,,,1 ,,,,,
5866 ,BOX GOLD 193x203x28 COURO PRETO,,,,,1 ,,,,,
5915 ,BOX GOLD 193x203x28 LINHO CINZA,,,,,1 ,,,,,
Pedido: 7745  Data Venda: 13/08/2025 Data fat:  13/08/25  Vendedor: EDSON Cliente: SUPER SONO RA ,,,,,,,,,,,
,,,,,,,,,,,
6322 ,BOX GRAN 138x188x28 PP1,,,,,6 ,,,,,
6324 ,BOX GRAN 138x188x28 PP3,,,,,9 ,,,,,
6326 ,BOX GRAN 138x188x28 PP5,,,,,6 ,,,,,
,,,,,,,,,,,
Pedido: 7747  Data Venda: 13/08/2025 Data fat:  13/08/25  Vendedor: EDSON Cliente: VIP INTERIORES ,,,,,,,,,,,
,,,,,,,,,,,
7731 ,BOX GOLD ANTIDERRAPANTE 088X198X23 BENSON AMENDOA,,,,,2 ,,,,,
,,,,,,,,,,,
Pedido: 7748  Data Venda: 13/08/2025 Data fat:  21/08/25  Vendedor: EDSON Cliente: CENARIO DO SONO ,,,,,,,,,,,
,,,,,,,,,,,
7602 ,BOX GOLD 158X198X23 LINHO SAFIRA 02,,,,,1 ,,,,,
,,,,,,,,,,,
Pedido: 7751  Data Venda: 14/08/2025 Data fat:  27/08/25  Vendedor: EDSON Cliente: SUPER SONO MR ,,,,,,,,,,,
,,,,,,,,,,,
5749 ,BOX GOLD 158x198x28 FACTON BEGE,,,,,1 ,,,,,
7781 ,BOX GOLD 138X188X28 FACTON CHOCOLATE,,,,,1 ,,,,,
,,,,,,,,,,,
Pedido: 7756  Data Venda: 14/08/2025 Data fat:  14/08/25  Vendedor: EDSON Cliente: VIP INTERIORES ,,,,,,,,,,,
,,,,,,,,,,,
7731 ,BOX GOLD ANTIDERRAPANTE 088X198X23 BENSON AMENDOA,,,,,1 ,,,,,
,,,,,,,,,,,
Pedido: 7757  Data Venda: 14/08/2025 Data fat:  22/08/25  Vendedor: EDSON Cliente: ORTOSONO QUIRINOPOLIS ,,,,,,,,,,,
,,,,,,,,,,,
3228 ,BOX DIAMANTE 193x203x28 COURO PRETO,,,,,2 ,,,,,
5559 ,BOX GOLD 138x188x23 COURO PRETO,,,,,1 ,,,,,
5614 ,BOX GOLD 138x188x23 LINHO BEGE,,,,,1 ,,,,,
6327 ,BOX GRAN 138x188x28 SP1,,,,,4 ,,,,,
6404 ,BOX GRAN 158x198x20 COURO CINZA,,,,,1 ,,,,,
7738 ,BOX TATAME 158X198X14 PP3,,,,,1 ,,,,,
7786 ,BOX GOLD PRIME 138X188X28 LINHO CINZA,,,,,1 ,,,,,
7787 ,BOX TATAME 088X188X15 LINHO CINZA,,,,,1 ,,,,,
,,,,,,,,,,,
Pedido: 7759  Data Venda: 14/08/2025 Data fat:  18/08/25  Vendedor: EDSON Cliente: CHIMANGO DISTRIBUIDORA DE COLCHOES LTDA ,,,,,,,,,,,
,,,,,,,,,,,
6314 ,BOX GRAN 138x188x20 PP5,,,,,1 ,,,,,
,,,,,,,,,,,
Pedido: 7761  Data Venda: 14/08/2025 Data fat:  21/08/25  Vendedor: EDSON Cliente: SUPER SONO MR ,,,,,,,,,,,
,,,,,,,,,,,
1165 ,BOX BAU GRAN 138x188 SP1,,,,,1 ,,,,,
1189 ,BOX BAU GRAN 193x203 SP1,,,,,1 ,,,,,
,,,,,,,,,,,
Pedido: 7762  Data Venda: 14/08/2025 Data fat:  29/08/25  Vendedor: EDSON Cliente: VULER COMERCIO DE COLCHOES LTDA ,,,,,,,,,,,
,,,,,,,,,,,
1184 ,BOX BAU GRAN 193x203 PP1,,,,,1 ,,,,,
,,,,,,,,,,,
Pedido: 7763  Data Venda: 14/08/2025 Data fat:  15/08/25  Vendedor: EDSON Cliente: OUTLET COLCHOES E ACESSORIOS LTDA ,,,,,,,,,,,
,,,,,,,,,,,
6024 ,BOX GRAN 088x188x28 PP3,,,,,2 ,,,,,
,,,,,,,,,,,
Pedido: 7766  Data Venda: 15/08/2025 Data fat:  15/08/25  Vendedor: EDSON Cliente: REALEZA COLCHOES LTDA ,,,,,,,,,,,
,,,,,,,,,,,
6893 ,BOX BAU GRAN 158X198 COURO PRETO,,,,,1 ,,,,,
,,,,,,,,,,,
Pedido: 7768  Data Venda: 15/08/2025 Data fat:  20/08/25  Vendedor: EDSON Cliente: LEMA REPRESENTAÇOES ,,,,,,,,,,,
,,,,,,,,,,,
242 ,BICAMA GOLD 108x198 LINHO BEGE,,,,,1 ,,,,,
,,,,,,,,,,,
Pedido: 7769  Data Venda: 15/08/2025 Data fat:  29/08/25  Vendedor: EDSON Cliente: VULER COMERCIO DE COLCHOES LTDA ,,,,,,,,,,,
,,,,,,,,,,,
961 ,BOX BAU GOLD 108x198 LINHO BEGE,,,,,1 ,,,,,
1051 ,BOX BAU GOLD 158x198 LINHO BEGE,,,,,1 ,,,,,
7545 ,BOX GOLD 158X198X23 DEVA 01,,,,,1 ,,,,,
,,,,,,,,,,,
Pedido: 7770  Data Venda: 15/08/2025 Data fat:  25/08/25  Vendedor: EDSON Cliente: SUPER COLCHOES MG ,,,,,,,,,,,
,,,,,,,,,,,
5612 ,BOX GOLD 138x188x23 LINHO CINZA,,,,,1 ,,,,,
6382 ,BOX GRAN 158x198x28 PP1,,,,,3 ,,,,,
6384 ,BOX GRAN 158x198x28 PP3,,,,,3 ,,,,,
,,,,,,,,,,,
Pedido: 7777  Data Venda: 18/08/2025 Data fat:  02/09/25  Vendedor: EDSON Cliente: TRINDADE COLCHOES ,,,,,,,,,,,
,,,,,,,,,,,
65 ,BICAMA GRAN 138x188 PP5,,,,,1 ,,,,,
,,,,,,,,,,,
Pedido: 7781  Data Venda: 19/08/2025 Data fat:  19/08/25  Vendedor: EDSON Cliente: DURMA BEM MANGALO ,,,,,,,,,,,
,,,,,,,,,,,
1166 ,BOX BAU GRAN 138x188 COURO PRETO,,,,,5 ,,,,,
1168 ,BOX BAU GRAN 138x188 COURO BEGE,,,,,2 ,,,,,
1171 ,BOX BAU GRAN 138x188 COURO CHOCOLATE,,,,,5 ,,,,,
,,,,,,,,,,,
Pedido: 7783  Data Venda: 19/08/2025 Data fat:  22/08/25  Vendedor: EDSON Cliente: OUTLET COLCHOES E ACESSORIOS LTDA ,,,,,,,,,,,
,,,,,,,,,,,
1102 ,BOX BAU GRAN 088x188 PP3,,,,,2 ,,,,,
,,,,,,,,,,,
Pedido: 7786  Data Venda: 19/08/2025 Data fat:  28/08/25  Vendedor: EDSON Cliente: A PIONEIRA COLCHOES LTDA ,,,,,,,,,,,
,,,,,,,,,,,
151 ,BICAMA GOLD 088x188 LINHO GRAFITE,,,,,1 ,,,,,
,,,,,,,,,,,
Pedido: 7788  Data Venda: 19/08/2025 Data fat:  28/08/25  Vendedor: EDSON Cliente: LEMA REPRESENTAÇOES ,,,,,,,,,,,
,,,,,,,,,,,
4860 ,BOX GOLD 088x188x28 LINHO GRAFITE,,,,,2 ,,,,,
,,,,,,,,,,,
Pedido: 7790  Data Venda: 19/08/2025 Data fat:  27/08/25  Vendedor: EDSON Cliente: LIH HOPP COLCHOES LTDA ,,,,,,,,,,,
,,,,,,,,,,,
1108 ,BOX BAU GRAN 088x188 COURO BEGE,,,,,1 ,,,,,
,,,,,,,,,,,
Pedido: 7796  Data Venda: 20/08/2025 Data fat:  27/08/25  Vendedor: EDSON Cliente: SUPER SONO MR ,,,,,,,,,,,
,,,,,,,,,,,
6304 ,BOX GRAN 138x188x15 PP1,,,,,1 ,,,,,
,,,,,,,,,,,
Pedido: 7800  Data Venda: 20/08/2025 Data fat:  20/08/25  Vendedor: EDSON Cliente: CENARIO DO SONO ,,,,,,,,,,,
,,,,,,,,,,,
6202 ,BOX GRAN 108x198 x28 PP1,,,,,1 ,,,,,
,,,,,,,,,,,
Pedido: 7806  Data Venda: 21/08/2025 Data fat:  28/08/25  Vendedor: EDSON Cliente: SUPER SONO RA ,,,,,,,,,,,
,,,,,,,,,,,
7770 ,BOX GRAN 186X198X23 PP5,,,,,1 ,,,,,
7773 ,BOX GOLD 158X198X28 TECIDO PROPRIO,,,,,1 ,,,,,
,,,,,,,,,,,
Pedido: 7808  Data Venda: 21/08/2025 Data fat:  27/08/25  Vendedor: EDSON Cliente: SUPER SONO MR ,,,,,,,,,,,
,,,,,,,,,,,
7798 ,BOX BAU GOLD 158X198 FACTOR BEGE PEROLA,,,,,1 ,,,,,
,,,,,,,,,,,
Pedido: 7809  Data Venda: 22/08/2025 Data fat:  28/08/25  Vendedor: EDSON Cliente: CENARIO DO SONO ,,,,,,,,,,,
,,,,,,,,,,,
5287 ,BOX GOLD 108x198x23 FACTON BEGE,,,,,1 ,,,,,
,,,,,,,,,,,
Pedido: 7811  Data Venda: 22/08/2025 Data fat:  29/08/25  Vendedor: EDSON Cliente: CASA CRIS COLCHOES E ACESSORIOS LTDA ,,,,,,,,,,,
,,,,,,,,,,,
7697 ,BOX DIAMANTE 158X198X28 FACTON AZUL,,,,,1 ,,,,,
,,,,,,,,,,,
Pedido: 7812  Data Venda: 25/08/2025 Data fat:  27/08/25  Vendedor: EDSON Cliente: CONFORTT COLCHÕES - JOSE ANTONIO ,,,,,,,,,,,
,,,,,,,,,,,
1174 ,BOX BAU GRAN 158x198 PP3,,,,,2 ,,,,,
6204 ,BOX GRAN 108x198x28 PP3,,,,,1 ,,,,,
,,,,,,,,,,,
Pedido: 7814  Data Venda: 25/08/2025 Data fat:  29/08/25  Vendedor: EDSON Cliente: CONFORTT COLCHÕES - JOSE ANTONIO ,,,,,,,,,,,
,,,,,,,,,,,
5911 ,BOX GOLD 193x203x20 LINHO BEGE,,,,,1 ,,,,,
,,,,,,,,,,,
Pedido: 7817  Data Venda: 25/08/2025 Data fat:  02/09/25  Vendedor: EDSON Cliente: TELMA BABY ,,,,,,,,,,,
,,,,,,,,,,,
6352 ,BOX GRAN 138x188x28 COURO PRETO,,,,,1 ,,,,,
,,,,,,,,,,,
Pedido: 7821  Data Venda: 25/08/2025 Data fat:  03/09/25  Vendedor: EDSON Cliente: IG COMERCIO DE COLCHOES LTDA ,,,,,,,,,,,
,,,,,,,,,,,
4855 ,BOX GOLD 088x188x20 LINHO BEGE,,,,,2 ,,,,,
,,,,,,,,,,,
Pedido: 7822  Data Venda: 26/08/2025 Data fat:  29/08/25  Vendedor: EDSON Cliente: LEMA REPRESENTAÇOES ,,,,,,,,,,,
,,,,,,,,,,,
1023 ,BOX BAU GOLD 138x188 LINHO GRAFITE,,,,,1 ,,,,,
,,,,,,,,,,,
Pedido: 7828  Data Venda: 26/08/2025 Data fat:  03/09/25  Vendedor: EDSON Cliente: IG COMERCIO DE COLCHOES LTDA ,,,,,,,,,,,
,,,,,,,,,,,
5762 ,BOX GOLD 158x198x23 LINHO CINZA,,,,,2 ,,,,,
6022 ,BOX GRAN 088x188x28 PP1,,,,,3 ,,,,,
6024 ,BOX GRAN 088x188x28 PP3,,,,,3 ,,,,,
6025 ,BOX GRAN 088x188x28 PP4,,,,,3 ,,,,,
6382 ,BOX GRAN 158x198x28 PP1,,,,,3 ,,,,,
6384 ,BOX GRAN 158x198x28 PP3,,,,,3 ,,,,,
6385 ,BOX GRAN 158x198x28 PP4,,,,,3 ,,,,,
,,,,,,,,,,,
Pedido: 7830  Data Venda: 26/08/2025 Data fat:  27/08/25  Vendedor: EDSON Cliente: OUTLET COLCHOES E ACESSORIOS LTDA ,,,,,,,,,,,
,,,,,,,,,,,
1160 ,BOX BAU GRAN 138x188 PP1,,,,,1 ,,,,,
1164 ,BOX BAU GRAN 138x188 PP5,,,,,1 ,,,,,
,,,,,,,,,,,
Pedido: 7834  Data Venda: 27/08/2025 Data fat:  28/08/25  Vendedor: EDSON Cliente: A PIONEIRA COLCHOES LTDA ,,,,,,,,,,,
,,,,,,,,,,,
5588 ,BOX GOLD 138x188x20 FACTON FENDI,,,,,1 ,,,,,
,,,,,,,,,,,
Pedido: 7844  Data Venda: 29/08/2025 Data fat:  02/09/25  Vendedor: EDSON Cliente: CENARIO DO SONO ,,,,,,,,,,,
,,,,,,,,,,,
7814 ,BOX GOLD 193X203X23 DEVA 08,,,,,1 ,,,,,
,,,,,,,,,,,
Pedido: 7846  Data Venda: 29/08/2025 Data fat:  29/08/25  Vendedor: EDSON Cliente: CENARIO DO SONO ,,,,,,,,,,,
,,,,,,,,,,,
5287 ,BOX GOLD 108x198x23 FACTON BEGE,,,,,1 ,,,,,
5561 ,BOX GOLD 138x188x23 COURO BEGE,,,,,1 ,,,,,
7791 ,BOX GRAN 108X198X25 PP1,,,,,2 ,,,,,
7792 ,BOX GOLD 158X198X23 SAFIRA 08,,,,,1 ,,,,,
7793 ,BOX GOLD 158X198X23 SAFIRA 09,,,,,1 ,,,,,
,,,,,,,,,,,
Pedido: 7847  Data Venda: 29/08/2025 Data fat:  29/08/25  Vendedor: EDSON Cliente: CENARIO DO SONO ,,,,,,,,,,,
,,,,,,,,,,,
6322 ,BOX GRAN 138x188x28 PP1,,,,,1 ,,,,,
6382 ,BOX GRAN 158x198x28 PP1,,,,,2 ,,,,,
6763 ,BOX BAU GRAN 158X198 COURO AREIA,,,,,1 ,,,,,
,,,,,,,,,,,
Pedido: 7848  Data Venda: 29/08/2025 Data fat:  29/08/25  Vendedor: EDSON Cliente: CENARIO DO SONO ,,,,,,,,,,,
,,,,,,,,,,,
73 ,BICAMA GRAN 158x198 PP1,,,,,1 ,,,,,
,,,,,,,,,,,
Pedido: 7849  Data Venda: 29/08/2025 Data fat:  29/08/25  Vendedor: EDSON Cliente: CENARIO DO SONO ,,,,,,,,,,,
,,,,,,,,,,,
1081 ,BOX BAU GOLD 193x203 LINHO BEGE,,,,,1 ,,,,,
1100 ,BOX BAU GRAN 088x188 PP1,,,,,1 ,,,,,
6022 ,BOX GRAN 088x188x28 PP1,,,,,2 ,,,,,
6202 ,BOX GRAN 108x198 x28 PP1,,,,,1 ,,,,,
,,,,,,,,,,,
Pedido: 7850  Data Venda: 29/08/2025 Data fat:  29/08/25  Vendedor: EDSON Cliente: CENARIO DO SONO ,,,,,,,,,,,
,,,,,,,,,,,
7724 ,BOX GOLD 158X198X23 DEVA 08,,,,,1 ,,,,,
7775 ,BOX GOLD 158X198X23 SAFIRA 03,,,,,1 ,,,,,
,,,,,,,,,,,
Pedido: 7852  Data Venda: 29/08/2025 Data fat:  29/08/25  Vendedor: EDSON Cliente: SUPER SONO RA ,,,,,,,,,,,
,,,,,,,,,,,
1102 ,BOX BAU GRAN 088x188 PP3,,,,,2 ,,,,,
,,,,,,,,,,,
Pedido: 7853  Data Venda: 29/08/2025 Data fat:  29/08/25  Vendedor: EDSON Cliente: SUPER SONO RA ,,,,,,,,,,,
,,,,,,,,,,,
6322 ,BOX GRAN 138x188x28 PP1,,,,,10 ,,,,,
6326 ,BOX GRAN 138x188x28 PP5,,,,,10 ,,,,,
,,,,,,,,,,,
Pedido: 7855  Data Venda: 29/08/2025 Data fat:  29/08/25  Vendedor: EDSON Cliente: CONFORTT COLCHÕES - JOSE ANTONIO ,,,,,,,,,,,
,,,,,,,,,,,
5761 ,BOX GOLD 158x198x20 LINHO BEGE,,,,,1 ,,,,,
,,,,,,,,,,,
Pedido: 7857  Data Venda: 01/09/2025 Data fat:  03/09/25  Vendedor: EDSON Cliente: A PIONEIRA COLCHOES LTDA ,,,,,,,,,,,
,,,,,,,,,,,
1017 ,BOX BAU GOLD 138x188 FACTON BEGE,,,,,1 ,,,,,
1100 ,BOX BAU GRAN 088x188 PP1,,,,,1 ,,,,,
1166 ,BOX BAU GRAN 138x188 COURO PRETO,,,,,1 ,,,,,
,,,,,,,,,,,
Pedido: 7875  Data Venda: 02/09/2025 Data fat:  02/09/25  Vendedor: EDSON Cliente: OUTLET COLCHOES E ACESSORIOS LTDA ,,,,,,,,,,,
,,,,,,,,,,,
6354 ,BOX GRAN 138x188x28 COURO BEGE,,,,,1 ,,,,,
,,,,,,,,,,,
Pedido: 7877  Data Venda: 02/09/2025 Data fat:  02/09/25  Vendedor: EDSON Cliente: IG COMERCIO DE COLCHOES LTDA ,,,,,,,,,,,
,,,,,,,,,,,
6432 ,BOX GRAN 193x203x20 PP3,,,,,1 ,,,,,
,,,,,,,,,,,
Pedido: 7879  Data Venda: 03/09/2025 Data fat:  03/09/25  Vendedor: EDSON Cliente: TR COLCHOES E DECORACOES LTDA ,,,,,,,,,,,
,,,,,,,,,,,
7789 ,BOX DIAMANTE 1 LISTRA 158X198X28 LINHO CHOCOLTE,,,,,1 ,,,,,